bus,Pg,Qg,Qmax,Qmin,Vg,mBase,status,Pmax,Pmin,Pc1,Pc2,Qc1min,Qc1max,Qc2min,Qc2max,ramp_agc,ramp_10,ramp_30,ramp_q,apf
2,30.65,0,35.83,-35.83,1,100,1,51,10.3,0,0,0,0,0,0,0,0,0,0,100
6,79.7175,0,74,-74,1,100,1,148,11.435,0,0,0,0,0,0,0,0,0,0,100
10,182.1425,0,500,-500,1,100,1,326,38.285,0,0,0,0,0,0,0,0,0,0,115.087
12,0,0,121,-121,1,100,0,242,8.6,0,0,0,0,0,0,0,0,0,0,32.205
15,33.15,0,35.83,-35.83,1,100,1,56,10.3,0,0,0,0,0,0,0,0,0,0,100
16,27.2175,0,35.79,-35.79,1,100,1,43,11.435,0,0,0,0,0,0,0,0,0,0,100
17,0,0,33.33,-33.33,1,100,0,35,15.745,0,0,0,0,0,0,0,0,0,0,46.487
24,25.7175,0,35.79,-35.79,1,100,1,40,11.435,0,0,0,0,0,0,0,0,0,0,100
26,56.15,0,51,-51,1,100,1,102,10.3,0,0,0,0,0,0,0,0,0,0,100
27,38.2175,0,35.79,-35.79,1,100,1,65,11.435,0,0,0,0,0,0,0,0,0,0,100
30,0,0,95,-95,1,100,0,190,8.105,0,0,0,0,0,0,0,0,0,0,31.215
34,24.2175,0,35.79,-35.79,1,100,1,37,11.435,0,0,0,0,0,0,0,0,0,0,100
44,42.2175,0,37,-37,1,100,1,73,11.435,0,0,0,0,0,0,0,0,0,0,100
45,26.15,0,35.83,-35.83,1,100,1,42,10.3,0,0,0,0,0,0,0,0,0,0,100
64,549.9425,0,500,-500,1,100,1,824,275.885,0,0,0,0,0,0,0,0,0,0,1195.7679
65,10.2975,0,60.05,-60.05,1,100,1,15,5.595,0,0,0,0,0,0,0,0,0,0,100
82,18.2975,0,60.05,-60.05,1,100,1,31,5.595,0,0,0,0,0,0,0,0,0,0,100
89,31.5,14.97,149.7,-119.76,1,100,1,63,0,0,0,0,0,0,0,0,0,0,0,274
96,18.2975,0,60.05,-60.05,1,100,1,31,5.595,0,0,0,0,0,0,0,0,0,0,100
105,0,0,33.33,-33.33,1,100,0,56,0.915,0,0,0,0,0,0,0,0,0,0,297
108,62.5,0,63,-63,1,100,1,125,0,0,0,0,0,0,0,0,0,0,0,288
117,121.5,0,122,-122,1,100,1,243,0,0,0,0,0,0,0,0,0,0,0,282
126,72.9725,0,500,-500,1,100,1,126,19.945,0,0,0,0,0,0,0,0,0,0,92.804
128,0,0,86,-86,1,100,0,171,150.065,0,0,0,0,0,0,0,0,0,0,315.13
129,59.02,0,45,-45,1,200,1,90,28.04,0,0,0,0,0,0,0,0,0,0,200
130,101.52,0,88,-88,1,200,1,175,28.04,0,0,0,0,0,0,0,0,0,0,200
131,68.52,0,55,-55,1,200,1,109,28.04,0,0,0,0,0,0,0,0,0,0,200
132,106.02,0,92,-92,1,200,1,184,28.04,0,0,0,0,0,0,0,0,0,0,200
133,71.52,0,58,-58,1,200,1,115,28.04,0,0,0,0,0,0,0,0,0,0,200
134,93.02,0,79,-79,1,200,1,158,28.04,0,0,0,0,0,0,0,0,0,0,200
136,68.2175,0,63,-63,1,100,1,126,10.435,0,0,0,0,0,0,0,0,0,0,100
142,440.5,0,441,-441,1,100,1,881,0,0,0,0,0,0,0,0,0,0,0,259
143,592.1325,0,500,-500,1,100,1,891,293.265,0,0,0,0,0,0,0,0,0,0,835.31
146,0,0,33.33,-33.33,1,100,0,4,238.15,0,0,0,0,0,0,0,0,0,0,253.152
150,0,0,63,-63,1,100,0,126,71.79,0,0,0,0,0,0,0,0,0,0,158.58
151,95.1425,0,500,-500,1,100,1,190,0.285,0,0,0,0,0,0,0,0,0,0,49.372
153,241,0,216,-216,1,600,1,432,50,0,0,0,0,0,0,0,0,0,0,600
157,181,0,156,-156,1,600,1,312,50,0,0,0,0,0,0,0,0,0,0,600
163,37.975,0,32,-32,1,100,1,63,12.95,0,0,0,0,0,0,0,0,0,0,100
165,22.0575,0,22.31,-22.31,1,100,1,37,7.115,0,0,0,0,0,0,0,0,0,0,100
166,257.5,0,208,-208,1,800,1,415,100,0,0,0,0,0,0,0,0,0,0,800
167,396,0,346,-346,1,800,1,692,100,0,0,0,0,0,0,0,0,0,0,800
168,317.5,0,268,-268,1,800,1,535,100,0,0,0,0,0,0,0,0,0,0,800
169,432.5,0,383,-383,1,800,1,765,100,0,0,0,0,0,0,0,0,0,0,800
176,222.5,0,173,-173,1,700,1,345,100,0,0,0,0,0,0,0,0,0,0,700
179,72.02,0,58,-58,1,200,1,116,28.04,0,0,0,0,0,0,0,0,0,0,200
180,103.02,0,89,-89,1,200,1,178,28.04,0,0,0,0,0,0,0,0,0,0,200
182,204,0,179,-179,1,600,1,358,50,0,0,0,0,0,0,0,0,0,0,600
185,18.295,0,17,-17,1,100,1,33,3.59,0,0,0,0,0,0,0,0,0,0,100
187,267.5,0,218,-218,1,700,1,435,100,0,0,0,0,0,0,0,0,0,0,700
188,236,0,186,-186,1,700,1,372,100,0,0,0,0,0,0,0,0,0,0,700
189,505.5,0,456,-456,1,700,1,911,100,0,0,0,0,0,0,0,0,0,0,700
194,509,0,643.2,-643.2,1,100,1,1018,0,0,0,0,0,0,0,0,0,0,0,288
202,0,0,33.33,-33.33,1,100,0,59,29.84,0,0,0,0,0,0,0,0,0,0,74.677
204,136,0,111,-111,1,600,1,222,50,0,0,0,0,0,0,0,0,0,0,600
210,22.15,0,19,-19,1,100,1,38,6.3,0,0,0,0,0,0,0,0,0,0,100
213,42.9,0,40,-40,1,100,1,79,6.8,0,0,0,0,0,0,0,0,0,0,100
216,320.455,0,500,-500,1,100,1,517,123.91,0,0,0,0,0,0,0,0,0,0,371.734
224,44.3975,0,41,-41,1,100,1,82,6.795,0,0,0,0,0,0,0,0,0,0,100
227,142,0,440.92,-440.92,1,100,1,284,0,0,0,0,0,0,0,0,0,0,0,264
227,397.46,0,500,-500,1,100,1,666,128.92,0,0,0,0,0,0,0,0,0,0,386.761
229,69.9775,0,58,-58,1,200,1,115,24.955,0,0,0,0,0,0,0,0,0,0,200
230,23.0625,0,24.93,-24.93,1,100,1,37,9.125,0,0,0,0,0,0,0,0,0,0,100
232,37.2275,0,34,-34,1,100,1,67,7.455,0,0,0,0,0,0,0,0,0,0,100
237,114.155,0,90,-90,1,300,1,179,49.31,0,0,0,0,0,0,0,0,0,0,300
238,52.3125,0,49,-49,1,100,1,97,7.625,0,0,0,0,0,0,0,0,0,0,100
239,594.5,0,545,-545,1,800,1,1089,100,0,0,0,0,0,0,0,0,0,0,800
242,66.76,0,500,-500,1,100,1,118,15.52,0,0,0,0,0,0,0,0,0,0,59.838
244,0,0,33.33,-33.33,1,100,0,4,385.96,0,0,0,0,0,0,0,0,0,0,400.964
247,83.6475,0,500,-500,1,100,1,167,0.295,0,0,0,0,0,0,0,0,0,0,26.389
248,350.01,0,500,-500,1,100,1,565,135.02,0,0,0,0,0,0,0,0,0,0,405.056
255,32.5625,0,28,-28,1,100,1,56,9.125,0,0,0,0,0,0,0,0,0,0,100
256,80.4775,0,68,-68,1,200,1,136,24.955,0,0,0,0,0,0,0,0,0,0,200
258,65.2275,0,62,-62,1,100,1,123,7.455,0,0,0,0,0,0,0,0,0,0,100
261,92.4775,0,80,-80,1,200,1,160,24.955,0,0,0,0,0,0,0,0,0,0,200
269,20.3975,0,22.36,-22.36,1,100,1,34,6.795,0,0,0,0,0,0,0,0,0,0,100
270,197,23,193,-147,1,800,1,294,100,0,0,0,0,0,0,0,0,0,0,800
273,23.8125,0,22.17,-22.17,1,100,1,40,7.625,0,0,0,0,0,0,0,0,0,0,100
279,53.225,0,48,-48,1,100,1,96,10.45,0,0,0,0,0,0,0,0,0,0,100
280,30.7025,0,36.4,-36.4,1,100,1,53,8.405,0,0,0,0,0,0,0,0,0,0,100
284,228.04,0,500,-500,1,100,1,360,96.08,0,0,0,0,0,0,0,0,0,0,391.254
289,27.7125,0,24,-24,1,100,1,48,7.425,0,0,0,0,0,0,0,0,0,0,100
292,72.2125,0,69,-69,1,100,1,137,7.425,0,0,0,0,0,0,0,0,0,0,100
293,80.7125,0,77,-77,1,100,1,154,7.425,0,0,0,0,0,0,0,0,0,0,100
295,68.225,0,63,-63,1,100,1,126,10.45,0,0,0,0,0,0,0,0,0,0,100
300,28.9675,0,29.48,-29.48,1,100,1,49,8.935,0,0,0,0,0,0,0,0,0,0,100
301,30.4675,0,29.48,-29.48,1,100,1,52,8.935,0,0,0,0,0,0,0,0,0,0,100
302,74,0,204.62,-204.62,1,100,1,148,0,0,0,0,0,0,0,0,0,0,0,278
302,1063.685,0,793,-793,1,100,1,1585,542.37,0,0,0,0,0,0,0,0,0,0,1627.1121
303,40.2425,0,56.99,-56.99,1,100,1,73,7.485,0,0,0,0,0,0,0,0,0,0,100
306,54.5875,0,52,-52,1,100,1,103,6.175,0,0,0,0,0,0,0,0,0,0,100
307,28.5875,0,43.22,-43.22,1,100,1,51,6.175,0,0,0,0,0,0,0,0,0,0,100
308,24.895,0,22,-22,1,100,1,43,6.79,0,0,0,0,0,0,0,0,0,0,100
313,16.0875,0,43.22,-43.22,1,100,1,26,6.175,0,0,0,0,0,0,0,0,0,0,100
314,0,0,33.33,-33.33,1,100,0,37,33.765,0,0,0,0,0,0,0,0,0,0,82.526
317,23.4675,0,29.48,-29.48,1,100,1,38,8.935,0,0,0,0,0,0,0,0,0,0,100
318,50.9675,0,47,-47,1,100,1,93,8.935,0,0,0,0,0,0,0,0,0,0,100
322,31.2425,0,56.99,-56.99,1,100,1,55,7.485,0,0,0,0,0,0,0,0,0,0,100
323,73.7425,0,70,-70,1,100,1,140,7.485,0,0,0,0,0,0,0,0,0,0,100
324,40.7125,0,37,-37,1,100,1,74,7.425,0,0,0,0,0,0,0,0,0,0,100
325,21.2125,0,21.85,-21.85,1,100,1,35,7.425,0,0,0,0,0,0,0,0,0,0,100
326,38.395,0,35,-35,1,100,1,70,6.79,0,0,0,0,0,0,0,0,0,0,100
327,19.895,0,20.9,-20.9,1,100,1,33,6.79,0,0,0,0,0,0,0,0,0,0,100
328,34.2125,0,31,-31,1,100,1,61,7.425,0,0,0,0,0,0,0,0,0,0,100
334,33,0,33,-33,1,100,1,66,0,0,0,0,0,0,0,0,0,0,0,37.8
335,48.26,0,500,-500,1,100,1,80,16.52,0,0,0,0,0,0,0,0,0,0,54.645
336,37.76,0,500,-500,1,100,1,59,16.52,0,0,0,0,0,0,0,0,0,0,54.645
339,0,0,41,-41,1,100,0,82,8.955,0,0,0,0,0,0,0,0,0,0,32.912
343,25,0,25.78,-25.78,1,100,1,50,0,0,0,0,0,0,0,0,0,0,0,35.812
345,35.5,0,36,-36,1,100,1,71,0,0,0,0,0,0,0,0,0,0,0,46.875
347,43.5,0,44,-44,1,100,1,87,0,0,0,0,0,0,0,0,0,0,0,46.875
349,33,0,44.71,-44.71,1,100,1,66,0,0,0,0,0,0,0,0,0,0,0,62.1
351,13.5,0,31.05,-31.05,1,100,1,27,0,0,0,0,0,0,0,0,0,0,0,43.125
352,12.5,0,31.05,-31.05,1,100,1,25,0,0,0,0,0,0,0,0,0,0,0,43.125
354,53.0475,0,500,-500,1,100,1,101,5.095,0,0,0,0,0,0,0,0,0,0,39.69
356,32.5,0,49.95,-49.95,1,100,1,65,0,0,0,0,0,0,0,0,0,0,0,69.375
360,18.5,0,19,-19,1,100,1,37,0,0,0,0,0,0,0,0,0,0,0,18.75
361,7.5,0,13.5,-13.5,1,100,1,15,0,0,0,0,0,0,0,0,0,0,0,18.75
362,15,0,15,-15,1,100,1,30,0,0,0,0,0,0,0,0,0,0,0,18.75
365,0,0,41,-41,1,100,0,82,14.335,0,0,0,0,0,0,0,0,0,0,43.668
367,37,0,63.18,-63.18,1,100,1,74,0,0,0,0,0,0,0,0,0,0,0,87.345
369,37,0,37,-37,1,100,1,74,0,0,0,0,0,0,0,0,0,0,0,33.85
370,0,0,258,-258,1,100,0,515,12.57,0,0,0,0,0,0,0,0,0,0,40.138
374,0,0,33.33,-33.33,1,100,0,14,5.61,0,0,0,0,0,0,0,0,0,0,26.224
375,0,0,33.33,-33.33,1,100,0,63,4.25,0,0,0,0,0,0,0,0,0,0,269
376,0,0,33.33,-33.33,1,100,0,3,19.71,0,0,0,0,0,0,0,0,0,0,34.714
377,0,0,231,-231,1,100,0,461,36.1,0,0,0,0,0,0,0,0,0,0,87.2
382,90.25,0,500,-500,1,100,1,180,0.5,0,0,0,0,0,0,0,0,0,0,42.766
383,72.6225,0,500,-500,1,100,1,136,9.245,0,0,0,0,0,0,0,0,0,0,49.675
388,116.195,0,500,-500,1,100,1,229,3.39,0,0,0,0,0,0,0,0,0,0,95.575
412,8.5,0,33.75,-33.75,1,100,1,17,0,0,0,0,0,0,0,0,0,0,0,46.875
417,162.07,0,500,-500,1,100,1,313,11.14,0,0,0,0,0,0,0,0,0,0,41.739
421,14,0,20.25,-20.25,1,100,1,28,0,0,0,0,0,0,0,0,0,0,0,28.125
422,35.855,0,500,-500,1,100,1,64,7.71,0,0,0,0,0,0,0,0,0,0,33.499
438,107.5,0,108,-108,1,100,1,215,0,0,0,0,0,0,0,0,0,0,0,82.5
444,0,0,119,-119,1,100,0,238,0.48,0,0,0,0,0,0,0,0,0,0,261
445,0,0,274,-274,1,100,0,548,36.785,0,0,0,0,0,0,0,0,0,0,88.567
446,80.195,57.5,188,-73,1,100,1,146,14.39,0,0,0,0,0,0,0,0,0,0,100
447,25.195,89.5,197,-18,1,100,1,36,14.39,0,0,0,0,0,0,0,0,0,0,100
448,24.695,80,178,-18,1,100,1,35,14.39,0,0,0,0,0,0,0,0,0,0,100
449,0,0,41,-41,1,100,0,81,36.935,0,0,0,0,0,0,0,0,0,0,88.875
452,98.4175,0,77,-77,1,300,1,153,43.835,0,0,0,0,0,0,0,0,0,0,300
458,227.2425,0,500,-500,1,100,1,453,1.485,0,0,0,0,0,0,0,0,0,0,108.038
460,86.5,0,169.4,-169.4,1,100,1,173,0,0,0,0,0,0,0,0,0,0,0,260
467,75.195,65,198,-68,1,100,1,136,14.39,0,0,0,0,0,0,0,0,0,0,100
468,27.195,85,190,-20,1,100,1,40,14.39,0,0,0,0,0,0,0,0,0,0,100
469,66.195,65.5,190,-59,1,100,1,118,14.39,0,0,0,0,0,0,0,0,0,0,100
470,65.695,58,175,-59,1,100,1,117,14.39,0,0,0,0,0,0,0,0,0,0,100
471,43.195,69.5,175,-36,1,100,1,72,14.39,0,0,0,0,0,0,0,0,0,0,100
472,81.195,60.5,195,-74,1,100,1,148,14.39,0,0,0,0,0,0,0,0,0,0,100
473,27.195,83.5,187,-20,1,100,1,40,14.39,0,0,0,0,0,0,0,0,0,0,100
476,28.655,80,184,-24,1,100,1,47,10.31,0,0,0,0,0,0,0,0,0,0,100
477,45.7125,0,43,-43,1,100,1,86,5.425,0,0,0,0,0,0,0,0,0,0,100
478,30.655,79,184,-26,1,100,1,51,10.31,0,0,0,0,0,0,0,0,0,0,100
484,38,0,189.9,-189.9,1,100,1,76,0,0,0,0,0,0,0,0,0,0,0,279
484,0,0,46,-46,1,100,0,92,241.22,0,0,0,0,0,0,0,0,0,0,256.221
492,25.5,0,101.08,-101.08,1,100,1,51,0,0,0,0,0,0,0,0,0,0,0,263
503,112.5,0,127.5,-127.5,1,100,1,225,0,0,0,0,0,0,0,0,0,0,0,283
505,37.195,78,186,-30,1,100,1,60,14.39,0,0,0,0,0,0,0,0,0,0,100
506,25.195,79,176,-18,1,100,1,36,14.39,0,0,0,0,0,0,0,0,0,0,100
507,33.195,85.5,197,-26,1,100,1,52,14.39,0,0,0,0,0,0,0,0,0,0,100
508,49.195,69,180,-42,1,100,1,84,14.39,0,0,0,0,0,0,0,0,0,0,100
509,87.695,49.5,180,-81,1,100,1,161,14.39,0,0,0,0,0,0,0,0,0,0,100
510,25.195,80,178,-18,1,100,1,36,14.39,0,0,0,0,0,0,0,0,0,0,100
511,26.195,79.5,178,-19,1,100,1,38,14.39,0,0,0,0,0,0,0,0,0,0,100
514,32.695,84,194,-26,1,100,1,51,14.39,0,0,0,0,0,0,0,0,0,0,100
515,43.195,73.5,183,-36,1,100,1,72,14.39,0,0,0,0,0,0,0,0,0,0,100
516,57.3275,6,188,-176,1,100,1,101,13.655,0,0,0,0,0,0,0,0,0,0,100
517,63.3275,4.5,189,-180,1,100,1,113,13.655,0,0,0,0,0,0,0,0,0,0,100
518,64.8275,15.5,198,-167,1,100,1,116,13.655,0,0,0,0,0,0,0,0,0,0,100
520,40.95,0,37,-37,1,100,1,74,7.9,0,0,0,0,0,0,0,0,0,0,100
521,56.45,0,53,-53,1,100,1,105,7.9,0,0,0,0,0,0,0,0,0,0,100
522,42.2425,70.5,175,-34,1,200,1,67,17.485,0,0,0,0,0,0,0,0,0,0,200
523,111.7425,43.5,190,-103,1,200,1,206,17.485,0,0,0,0,0,0,0,0,0,0,200
524,43.7425,77.5,190,-35,1,200,1,70,17.485,0,0,0,0,0,0,0,0,0,0,200
525,25.695,80,179,-19,1,100,1,37,14.39,0,0,0,0,0,0,0,0,0,0,100
527,35.5,0,89.92,-89.92,1,100,1,71,0,0,0,0,0,0,0,0,0,0,0,276
527,141.14,0,500,-500,1,100,1,211,71.28,0,0,0,0,0,0,0,0,0,0,240.197
534,68.36,0,500,-500,1,100,1,128,8.72,0,0,0,0,0,0,0,0,0,0,211.644
536,52.97,0,500,-500,1,100,1,105,0.94,0,0,0,0,0,0,0,0,0,0,86.354
541,42,0,273.6,-273.6,1,100,1,84,0,0,0,0,0,0,0,0,0,0,0,260
562,0,0,33.33,-33.33,1,100,0,21,145.76,0,0,0,0,0,0,0,0,0,0,160.761
564,13.2975,0,60.05,-60.05,1,100,1,21,5.595,0,0,0,0,0,0,0,0,0,0,100
567,126.8075,0,92,-92,1,400,1,183,70.615,0,0,0,0,0,0,0,0,0,0,415
578,0,0,33.33,-33.33,1,100,0,43,185.77,0,0,0,0,0,0,0,0,0,0,200.765
579,29.5,0,60.96,-60.96,1,100,1,59,0,0,0,0,0,0,0,0,0,0,0,257
581,70.5,-0.425,89.15,-90,1,100,1,141,0,0,0,0,0,0,0,0,0,0,0,274
589,48.435,0,500,-500,1,100,1,90,6.87,0,0,0,0,0,0,0,0,0,0,41.796
590,21.5,0,77.68,-77.68,1,100,1,43,0,0,0,0,0,0,0,0,0,0,0,280
590,0,0,79,-79,1,100,0,157,40.62,0,0,0,0,0,0,0,0,0,0,96.242
592,884.295,0,700,-700,1,100,1,1400,368.59,0,0,0,0,0,0,0,0,0,0,1105.772
594,22.2975,0,60.05,-60.05,1,100,1,39,5.595,0,0,0,0,0,0,0,0,0,0,100
595,35.815,0,500,-500,1,100,1,65,6.63,0,0,0,0,0,0,0,0,0,0,41.894
603,63,14.97,149.7,-119.76,1,100,1,126,0,0,0,0,0,0,0,0,0,0,0,268
606,96,0,71,-71,1,400,1,142,50,0,0,0,0,0,0,0,0,0,0,400
610,22.3875,0,500,-500,1,100,1,39,5.775,0,0,0,0,0,0,0,0,0,0,28.906
613,140,0,115,-115,1,400,1,230,50,0,0,0,0,0,0,0,0,0,0,400
617,20.7975,0,60.05,-60.05,1,100,1,36,5.595,0,0,0,0,0,0,0,0,0,0,100
618,186.7375,0,500,-500,1,100,1,368,5.475,0,0,0,0,0,0,0,0,0,0,42.049
620,74.5,0,214.58,-214.58,1,100,1,149,0,0,0,0,0,0,0,0,0,0,0,282
620,397.1025,0,500,-500,1,100,1,639,155.205,0,0,0,0,0,0,0,0,0,0,486.987
621,19.8325,0,19,-19,1,100,1,37,2.665,0,0,0,0,0,0,0,0,0,0,100
622,24.8325,79,183,-25,1,100,1,49,0.665,0,0,0,0,0,0,0,0,0,0,100
623,40.6,72,180,-36,1,100,1,71,10.2,0,0,0,0,0,0,0,0,0,0,100
625,32.8325,82.5,197,-32,1,100,1,64,1.665,0,0,0,0,0,0,0,0,0,0,100
626,42.3325,73.5,189,-42,1,100,1,84,0.665,0,0,0,0,0,0,0,0,0,0,100
636,14.34,90,191,-11,1,100,1,21,7.68,0,0,0,0,0,0,0,0,0,0,100
637,113.475,0,135,-135,1,100,1,269,-42.05,0,0,0,0,0,0,0,0,0,0,100
639,11.6,0,13.45,-13.45,1,100,1,19,4.2,0,0,0,0,0,0,0,0,0,0,100
642,151,27,180,-126,1,400,1,252,50,0,0,0,0,0,0,0,0,0,0,400
644,33.1225,72.5,176,-31,1,100,1,61,5.245,0,0,0,0,0,0,0,0,0,0,100
648,12.3325,84,180,-12,1,100,1,23,1.665,0,0,0,0,0,0,0,0,0,0,100
649,139,0,114,-114,1,400,1,228,50,0,0,0,0,0,0,0,0,0,0,400
652,50.6,72.5,191,-46,1,100,1,91,10.2,0,0,0,0,0,0,0,0,0,0,100
653,31.8875,76.5,184,-31,1,100,1,61,2.775,0,0,0,0,0,0,0,0,0,0,100
654,0,0,118,-118,1,100,0,236,15.18,0,0,0,0,0,0,0,0,0,0,45.361
655,25.7675,81,184,-22,1,100,1,43,8.535,0,0,0,0,0,0,0,0,0,0,100
658,75.5,70.5,194,-53,1,300,1,106,45,0,0,0,0,0,0,0,0,0,0,300
659,303.765,0,500,-500,1,100,1,476,131.53,0,0,0,0,0,0,0,0,0,0,373.665
663,24.3325,77,178,-24,1,100,1,48,0.665,0,0,0,0,0,0,0,0,0,0,100
665,138.7,0,500,-500,1,100,1,271,6.4,0,0,0,0,0,0,0,0,0,0,109.215
668,51.8275,0,500,-500,1,100,1,101,2.655,0,0,0,0,0,0,0,0,0,0,70.043
669,30.8675,78,183,-27,1,100,1,54,7.735,0,0,0,0,0,0,0,0,0,0,100
673,282.5,0,258,-258,1,400,1,515,50,0,0,0,0,0,0,0,0,0,0,400
674,53.7675,64,178,-50,1,100,1,99,8.535,0,0,0,0,0,0,0,0,0,0,100
678,112,0,124.98,-124.98,1,100,1,224,0,0,0,0,0,0,0,0,0,0,0,298
678,0,0,96,-96,1,100,0,191,38.155,0,0,0,0,0,0,0,0,0,0,91.31
679,163.5,23,187,-141,1,300,1,282,45,0,0,0,0,0,0,0,0,0,0,300
681,94,0,183.32,-183.32,1,100,1,188,0,0,0,0,0,0,0,0,0,0,0,281
682,13.84,90.5,191,-10,1,100,1,20,7.68,0,0,0,0,0,0,0,0,0,0,100
686,46.4675,0,500,-500,1,100,1,92,0.935,0,0,0,0,0,0,0,0,0,0,25.13
687,12.3325,0,11.03,-11.03,1,100,1,22,2.665,0,0,0,0,0,0,0,0,0,0,100
693,95.5,0,96,-96,1,100,1,191,0,0,0,0,0,0,0,0,0,0,0,284
695,175,23,196,-150,1,400,1,300,50,0,0,0,0,0,0,0,0,0,0,400
696,23.3675,89.5,199,-20,1,100,1,39,7.735,0,0,0,0,0,0,0,0,0,0,100
699,16.4175,92,198,-14,1,100,1,27,5.835,0,0,0,0,0,0,0,0,0,0,100
701,42.0825,73.5,186,-39,1,100,1,78,6.165,0,0,0,0,0,0,0,0,0,0,100
703,26.5825,80,184,-24,1,100,1,47,6.165,0,0,0,0,0,0,0,0,0,0,100
706,187,6.5,175,-162,1,400,1,324,50,0,0,0,0,0,0,0,0,0,0,400
710,143.475,0,500,-500,1,100,1,236,50.95,0,0,0,0,0,0,0,0,0,0,351.28
714,75,0,358.8,-358.8,1,100,1,150,0,0,0,0,0,0,0,0,0,0,0,253
715,0,0,33.33,-33.33,1,100,0,4,216.51,0,0,0,0,0,0,0,0,0,0,231.512
722,17.8325,84,185,-17,1,100,1,34,1.665,0,0,0,0,0,0,0,0,0,0,100
725,215.5225,0,500,-500,1,100,1,403,28.045,0,0,0,0,0,0,0,0,0,0,82.44
727,197.5,3,181,-175,1,300,1,350,45,0,0,0,0,0,0,0,0,0,0,300
737,15.1225,93,199,-13,1,100,1,25,5.245,0,0,0,0,0,0,0,0,0,0,100
739,147.5,31,187,-125,1,300,1,250,45,0,0,0,0,0,0,0,0,0,0,300
740,59,0,70.56,-70.56,1,100,1,118,0,0,0,0,0,0,0,0,0,0,0,260
743,18.84,87,189,-15,1,100,1,30,7.68,0,0,0,0,0,0,0,0,0,0,100
754,33,0,84,-84,1,100,1,66,0,0,0,0,0,0,0,0,0,0,0,281
754,0,0,58,-58,1,100,0,115,52.155,0,0,0,0,0,0,0,0,0,0,119.308
756,340.5,0,341,-341,1,100,1,681,0,0,0,0,0,0,0,0,0,0,0,258
766,74.135,0,70,-70,1,100,1,140,8.27,0,0,0,0,0,0,0,0,0,0,100
771,692.3525,0,502,-502,1,1900,1,1003,381.705,0,0,0,0,0,0,0,0,0,0,1099.306
782,53.635,0,50,-50,1,100,1,99,8.27,0,0,0,0,0,0,0,0,0,0,100
783,53.75,0,55.42,-55.42,1,100,1,101,6.5,0,0,0,0,0,0,0,0,0,0,100
784,81.25,0,78,-78,1,100,1,156,6.5,0,0,0,0,0,0,0,0,0,0,100
788,598.5,0,449,-449,1,1900,1,897,300,0,0,0,0,0,0,0,0,0,0,1126.428
791,125.5,0,126,-126,1,100,1,251,0,0,0,0,0,0,0,0,0,0,0,285
791,0,0,33.33,-33.33,1,100,0,20,101.97,0,0,0,0,0,0,0,0,0,0,116.971
797,34.6925,0,500,-500,1,100,1,60,9.385,0,0,0,0,0,0,0,0,0,0,37.528
798,104.8375,0,500,-500,1,100,1,186,23.675,0,0,0,0,0,0,0,0,0,0,71.825
800,62.715,0,500,-500,1,100,1,105,20.43,0,0,0,0,0,0,0,0,0,0,64.036
807,37.8975,0,35,-35,1,100,1,69,6.795,0,0,0,0,0,0,0,0,0,0,100
811,83.9775,0,72,-72,1,200,1,143,24.955,0,0,0,0,0,0,0,0,0,0,200
812,26.0625,0,24.93,-24.93,1,100,1,43,9.125,0,0,0,0,0,0,0,0,0,0,100
814,52.2275,0,49,-49,1,100,1,97,7.455,0,0,0,0,0,0,0,0,0,0,100
820,32.135,0,35.24,-35.24,1,100,1,55,9.27,0,0,0,0,0,0,0,0,0,0,100
823,185.155,0,161,-161,1,300,1,321,49.31,0,0,0,0,0,0,0,0,0,0,300
825,41.3125,0,38,-38,1,100,1,75,7.625,0,0,0,0,0,0,0,0,0,0,100
830,426.56,0,500,-500,1,100,1,608,245.12,0,0,0,0,0,0,0,0,0,0,779.002
840,73.5625,0,69,-69,1,100,1,138,9.125,0,0,0,0,0,0,0,0,0,0,100
841,151.9775,0,140,-140,1,200,1,279,24.955,0,0,0,0,0,0,0,0,0,0,200
843,19.7275,0,22.3,-22.3,1,100,1,32,7.455,0,0,0,0,0,0,0,0,0,0,100
845,66.9775,0,55,-55,1,200,1,109,24.955,0,0,0,0,0,0,0,0,0,0,200
849,21.695,0,500,-500,1,100,1,38,5.39,0,0,0,0,0,0,0,0,0,0,27.94
850,0,0,33.33,-33.33,1,100,0,11,154.81,0,0,0,0,0,0,0,0,0,0,169.811
854,50.3975,0,47,-47,1,100,1,94,6.795,0,0,0,0,0,0,0,0,0,0,100
858,38.8125,0,35,-35,1,100,1,70,7.625,0,0,0,0,0,0,0,0,0,0,100
865,46.8275,0,41,-41,1,100,1,82,11.655,0,0,0,0,0,0,0,0,0,0,100
866,50.5,0,306,-306,1,100,1,101,0,0,0,0,0,0,0,0,0,0,0,265
866,0,0,182,-182,1,100,0,364,0.495,0,0,0,0,0,0,0,0,0,0,276
871,453,0,403,-403,1,900,1,806,100,0,0,0,0,0,0,0,0,0,0,900
874,184,0,159,-159,1,500,1,318,50,0,0,0,0,0,0,0,0,0,0,500
880,31.3425,0,26,-26,1,100,1,52,10.685,0,0,0,0,0,0,0,0,0,0,100
884,53.2775,0,47,-47,1,100,1,94,12.555,0,0,0,0,0,0,0,0,0,0,100
888,96.0125,0,91,-91,1,100,1,182,10.025,0,0,0,0,0,0,0,0,0,0,100
891,67.9975,0,63,-63,1,100,1,125,10.995,0,0,0,0,0,0,0,0,0,0,100
892,86.5,0,212.4,-212.4,1,100,1,173,0,0,0,0,0,0,0,0,0,0,0,274
893,109.8275,0,104,-104,1,100,1,207,12.655,0,0,0,0,0,0,0,0,0,0,100
902,105.3275,0,100,-100,1,100,1,199,11.655,0,0,0,0,0,0,0,0,0,0,100
903,230,0,230,-230,1,100,1,460,0,0,0,0,0,0,0,0,0,0,0,293
903,0,0,91,-91,1,100,0,181,43.4,0,0,0,0,0,0,0,0,0,0,101.797
911,49.3275,0,44,-44,1,100,1,87,11.655,0,0,0,0,0,0,0,0,0,0,100
913,105.7625,0,90,-90,1,200,1,179,32.525,0,0,0,0,0,0,0,0,0,0,200
924,207.7625,0,192,-192,1,200,1,383,32.525,0,0,0,0,0,0,0,0,0,0,200
927,138.125,0,500,-500,1,100,1,218,58.25,0,0,0,0,0,0,0,0,0,0,174.756
932,33.7775,0,28.93,-28.93,1,100,1,55,12.555,0,0,0,0,0,0,0,0,0,0,100
936,34.0125,0,29,-29,1,100,1,58,10.025,0,0,0,0,0,0,0,0,0,0,100
939,0,0,33.33,-33.33,1,100,0,14,43.09,0,0,0,0,0,0,0,0,0,0,58.094
941,24.5125,0,20,-20,1,100,1,39,10.025,0,0,0,0,0,0,0,0,0,0,100
943,45.4975,0,40,-40,1,100,1,80,10.995,0,0,0,0,0,0,0,0,0,0,100
945,32.8275,0,45.64,-45.64,1,100,1,53,12.655,0,0,0,0,0,0,0,0,0,0,100
946,85.3275,0,80,-80,1,100,1,159,11.655,0,0,0,0,0,0,0,0,0,0,100
954,517.5,0,518,-518,1,100,1,1035,0,0,0,0,0,0,0,0,0,0,0,299
955,130.3675,0,500,-500,1,100,1,197,63.735,0,0,0,0,0,0,0,0,0,0,198.661
956,170.44,0,500,-500,1,100,1,337,3.88,0,0,0,0,0,0,0,0,0,0,302.981
958,77.6475,0,63,-63,1,200,1,126,29.295,0,0,0,0,0,0,0,0,0,0,200
959,143.1475,0,129,-129,1,200,1,257,29.295,0,0,0,0,0,0,0,0,0,0,200
960,138.6475,0,124,-124,1,200,1,248,29.295,0,0,0,0,0,0,0,0,0,0,200
961,53.6475,0,39,-39,1,200,1,78,29.295,0,0,0,0,0,0,0,0,0,0,200
962,185.1475,0,171,-171,1,200,1,341,29.295,0,0,0,0,0,0,0,0,0,0,200
963,38.0675,0,30,-30,1,200,1,59,17.135,0,0,0,0,0,0,0,0,0,0,200
964,32.0675,0,24,-24,1,200,1,47,17.135,0,0,0,0,0,0,0,0,0,0,200
965,90.8575,0,83,-83,1,200,1,165,16.715,0,0,0,0,0,0,0,0,0,0,200
966,56.3575,0,48,-48,1,200,1,96,16.715,0,0,0,0,0,0,0,0,0,0,200
967,73.7175,0,60,-60,1,200,1,120,27.435,0,0,0,0,0,0,0,0,0,0,200
968,148.7175,0,135,-135,1,200,1,270,27.435,0,0,0,0,0,0,0,0,0,0,200
969,134.7175,0,121,-121,1,200,1,242,27.435,0,0,0,0,0,0,0,0,0,0,200
970,93.2175,0,80,-80,1,200,1,159,27.435,0,0,0,0,0,0,0,0,0,0,200
971,15.4275,0,14.83,-14.83,1,100,1,24,6.855,0,0,0,0,0,0,0,0,0,0,100
972,23.4275,0,20,-20,1,100,1,40,6.855,0,0,0,0,0,0,0,0,0,0,100
973,61.975,0,57,-57,1,100,1,113,10.95,0,0,0,0,0,0,0,0,0,0,100
977,39.8775,0,37,-37,1,100,1,74,5.755,0,0,0,0,0,0,0,0,0,0,100
978,17.3775,0,15.76,-15.76,1,100,1,29,5.755,0,0,0,0,0,0,0,0,0,0,100
979,67.9475,0,54,-54,1,200,1,108,27.895,0,0,0,0,0,0,0,0,0,0,200
980,52.4375,0,49,-49,1,100,1,97,7.875,0,0,0,0,0,0,0,0,0,0,100
981,50.4375,0,47,-47,1,100,1,93,7.875,0,0,0,0,0,0,0,0,0,0,100
985,67.7175,0,54,-54,1,200,1,108,27.435,0,0,0,0,0,0,0,0,0,0,200
986,0,0,121,-121,1,100,0,241,51.595,0,0,0,0,0,0,0,0,0,0,118.191
991,54.6475,0,40,-40,1,200,1,80,29.295,0,0,0,0,0,0,0,0,0,0,200
996,68.1475,0,54,-54,1,200,1,107,29.295,0,0,0,0,0,0,0,0,0,0,200
997,130.1475,0,116,-116,1,200,1,231,29.295,0,0,0,0,0,0,0,0,0,0,200
1000,0,0,33.33,-33.33,1,100,0,33,2.03,0,0,0,0,0,0,0,0,0,0,287
1004,61.4475,0,48,-48,1,200,1,95,27.895,0,0,0,0,0,0,0,0,0,0,200
1009,672.9075,0,500,-500,1,100,1,1000,345.815,0,0,0,0,0,0,0,0,0,0,1556.175
1010,55.6325,0,50,-50,1,100,1,100,11.265,0,0,0,0,0,0,0,0,0,0,100
1011,27.0975,0,22,-22,1,100,1,43,11.195,0,0,0,0,0,0,0,0,0,0,100
1012,67.0975,0,54,-54,1,200,1,108,26.195,0,0,0,0,0,0,0,0,0,0,200
1014,758.785,0,558,-558,1,100,1,1115,402.57,0,0,0,0,0,0,0,0,0,0,1129.124
1016,389.5,0,574.8,-574.8,1,100,1,779,0,0,0,0,0,0,0,0,0,0,0,282
1019,125.9525,0,500,-500,1,100,1,226,25.905,0,0,0,0,0,0,0,0,0,0,77.169
1022,334.8425,0,500,-500,1,100,1,609,60.685,0,0,0,0,0,0,0,0,0,0,182.055
1024,0,0,61,-61,1,100,0,121,22.09,0,0,0,0,0,0,0,0,0,0,59.179
1026,1023.6275,0,783,-783,1,100,1,1565,482.255,0,0,0,0,0,0,0,0,0,0,1446.761
1030,219.34,0,500,-500,1,100,1,337,101.68,0,0,0,0,0,0,0,0,0,0,724.172
1034,589.395,0,589,-589,1,100,1,1178,0.79,0,0,0,0,0,0,0,0,0,0,258
1036,87.975,0,500,-500,1,100,1,146,29.95,0,0,0,0,0,0,0,0,0,0,115.825
1037,43.9275,0,74.47,-74.47,1,100,1,78,9.855,0,0,0,0,0,0,0,0,0,0,100
1044,0,0,54,-54,1,100,0,107,84.61,0,0,0,0,0,0,0,0,0,0,184.22
1045,124.135,0,500,-500,1,100,1,209,39.27,0,0,0,0,0,0,0,0,0,0,109.244
1046,462.4025,0,500,-500,1,100,1,895,29.805,0,0,0,0,0,0,0,0,0,0,86.535
1047,80.51,0,500,-500,1,100,1,140,21.02,0,0,0,0,0,0,0,0,0,0,65.446
1048,448.49,0,500,-500,1,100,1,636,260.98,0,0,0,0,0,0,0,0,0,0,782.945
1050,0,0,87,-87,1,100,0,174,34.56,0,0,0,0,0,0,0,0,0,0,84.121
1051,224.8325,0,500,-500,1,100,1,419,30.665,0,0,0,0,0,0,0,0,0,0,272.783
1052,0,0,33.33,-33.33,1,100,0,34,19.205,0,0,0,0,0,0,0,0,0,0,53.412
1054,144.9125,0,500,-500,1,100,1,236,53.825,0,0,0,0,0,0,0,0,0,0,144.181
1055,826.4975,0,767,-767,1,100,1,1534,118.995,0,0,0,0,0,0,0,0,0,0,447.901
1057,0,0,33.33,-33.33,1,100,0,9,807.45,0,0,0,0,0,0,0,0,0,0,822.446
1058,69.3075,0,68.26,-68.26,1,100,1,126,12.615,0,0,0,0,0,0,0,0,0,0,100
1059,80.31,0,74,-74,1,100,1,148,12.62,0,0,0,0,0,0,0,0,0,0,100
1060,290.1525,0,500,-500,1,100,1,429,151.305,0,0,0,0,0,0,0,0,0,0,712.327
1062,53.4275,0,74.47,-74.47,1,100,1,97,9.855,0,0,0,0,0,0,0,0,0,0,100
1064,633.2175,0,500,-500,1,100,1,914,352.435,0,0,0,0,0,0,0,0,0,0,1057.299
1065,278.7575,0,500,-500,1,100,1,419,138.515,0,0,0,0,0,0,0,0,0,0,392.607
1067,471.765,0,500,-500,1,100,1,778,165.53,0,0,0,0,0,0,0,0,0,0,1224.384
1069,771.2425,0,591,-591,1,100,1,1182,360.485,0,0,0,0,0,0,0,0,0,0,1081.453
1082,127.72,0,500,-500,1,100,1,205,50.44,0,0,0,0,0,0,0,0,0,0,148.463
1085,223.7625,0,500,-500,1,100,1,380,67.525,0,0,0,0,0,0,0,0,0,0,226.103
1095,35.7975,0,60.05,-60.05,1,100,1,66,5.595,0,0,0,0,0,0,0,0,0,0,100
1118,31.2975,0,60.05,-60.05,1,100,1,57,5.595,0,0,0,0,0,0,0,0,0,0,100
1139,32.2975,0,60.05,-60.05,1,100,1,59,5.595,0,0,0,0,0,0,0,0,0,0,100
1141,896.545,0,811,-811,1,100,1,1622,171.09,0,0,0,0,0,0,0,0,0,0,513.268
1146,399.2275,0,500,-500,1,100,1,704,94.455,0,0,0,0,0,0,0,0,0,0,334.389
1150,111.5,0,112,-112,1,100,1,223,0,0,0,0,0,0,0,0,0,0,0,290
1153,182.6775,0,500,-500,1,100,1,284,81.355,0,0,0,0,0,0,0,0,0,0,303.221
1157,260.5025,0,500,-500,1,100,1,403,118.005,0,0,0,0,0,0,0,0,0,0,354.012
1158,79.5,0,110,-110,1,100,1,159,0,0,0,0,0,0,0,0,0,0,0,276
1168,0,0,35,-35,1,100,0,70,14.25,0,0,0,0,0,0,0,0,0,0,63
1176,0,0,18.53,-18.53,1,55.6,0,10,47.5,0,0,0,0,0,0,0,0,0,0,58.8
1176,0,0,51,-51,1,55.6,0,102,0,0,0,0,0,0,0,0,0,0,0,295
1185,47.02,0,500,-500,1,100,1,80,14.04,0,0,0,0,0,0,0,0,0,0,48.698
1187,0,0,142,-142,1,67.5,0,284,0,0,0,0,0,0,0,0,0,0,0,265
1187,0,0,32,-32,1,67.5,0,64,7.125,0,0,0,0,0,0,0,0,0,0,60.43
1193,94.8,0,500,-500,1,100,1,142,47.6,0,0,0,0,0,0,0,0,0,0,129.236
1195,0,0,72,-72,1,57.87,0,143,5.7,0,0,0,0,0,0,0,0,0,0,46.2
1197,0,0,41,-41,1,99.38,0,82,0,0,0,0,0,0,0,0,0,0,0,269
1197,0,0,119,-119,1,69.15,0,238,0,0,0,0,0,0,0,0,0,0,0,295
1197,0,0,30,-30,1,48.71,0,59,12.57,0,0,0,0,0,0,0,0,0,0,40.14
1204,0,0,104,-104,1,55.6,0,207,0,0,0,0,0,0,0,0,0,0,0,231
1204,0,0,18.53,-18.53,1,55.6,0,33,23.75,0,0,0,0,0,0,0,0,0,0,57.75
1205,21.275,0,500,-500,1,100,1,41,1.55,0,0,0,0,0,0,0,0,0,0,258
1207,0,0,170,-170,1,203.25,0,339,25.27,0,0,0,0,0,0,0,0,0,0,173.25
1208,109.9025,0,500,-500,1,100,1,204,15.805,0,0,0,0,0,0,0,0,0,0,52.93
1209,41.4775,0,500,-500,1,100,1,62,20.955,0,0,0,0,0,0,0,0,0,0,65.297
1214,183.985,0,500,-500,1,100,1,330,37.97,0,0,0,0,0,0,0,0,0,0,106.131
1217,209.7925,0,500,-500,1,100,1,372,47.585,0,0,0,0,0,0,0,0,0,0,129.2
1221,51.9575,-51.945,66.11,-170,1,100,1,102,1.915,0,0,0,0,0,0,0,0,0,0,270
1227,29.8475,82,192,-28,1,27.8,1,56,3.695,0,0,0,0,0,0,0,0,0,0,265
1227,0,0,182,-182,1,27.8,0,364,2.375,0,0,0,0,0,0,0,0,0,0,25.2
1233,50.315,0,500,-500,1,100,1,80,20.63,0,0,0,0,0,0,0,0,0,0,64.509
1242,0,0,156,-156,1,27.8,0,311,2.375,0,0,0,0,0,0,0,0,0,0,26.25
1242,0,0,12,-12,1,27.8,0,24,0.95,0,0,0,0,0,0,0,0,0,0,25.2
1248,84.88,0,500,-500,1,100,1,143,26.76,0,0,0,0,0,0,0,0,0,0,79.219
1249,21.5,48.5,196,-99,1,100,1,43,0,0,0,0,0,0,0,0,0,0,0,254
1252,116.17,0,500,-500,1,100,1,215,17.34,0,0,0,0,0,0,0,0,0,0,56.619
1255,88.535,0,500,-500,1,100,1,173,4.07,0,0,0,0,0,0,0,0,0,0,260
1257,170.4675,17.5,190,-155,1,200,1,310,30.935,0,0,0,0,0,0,0,0,0,0,200
1258,72.715,0,68,-68,1,100,1,135,10.43,0,0,0,0,0,0,0,0,0,0,100
1259,220.645,0,500,-500,1,100,1,401,40.29,0,0,0,0,0,0,0,0,0,0,162.962
1260,17.2,0,17,-17,1,100,1,33,1.4,0,0,0,0,0,0,0,0,0,0,100
1263,174.5,0,150,-150,1,500,1,299,50,0,0,0,0,0,0,0,0,0,0,500
1264,0,0,33.33,-33.33,1,100,0,12,4.57,0,0,0,0,0,0,0,0,0,0,295
1265,12.2925,0,20.36,-20.36,1,100,1,21,3.585,0,0,0,0,0,0,0,0,0,0,100
1266,139.4675,35.5,195,-124,1,200,1,248,30.935,0,0,0,0,0,0,0,0,0,0,200
1267,249,0,576,-576,1,100,1,498,0,0,0,0,0,0,0,0,0,0,0,275
1267,1180.5325,0,877,-877,1,100,1,1753,608.065,0,0,0,0,0,0,0,0,0,0,1824.199
1268,41,0,124.72,-124.72,1,100,1,82,0,0,0,0,0,0,0,0,0,0,0,264
1268,387.85,0,500,-500,1,100,1,578,197.7,0,0,0,0,0,0,0,0,0,0,685.529
1269,7.7,0,14.81,-14.81,1,100,1,14,1.4,0,0,0,0,0,0,0,0,0,0,100
1270,74,0,69,-69,1,100,1,138,10,0,0,0,0,0,0,0,0,0,0,100
1271,173,0,148,-148,1,400,1,296,50,0,0,0,0,0,0,0,0,0,0,400
1272,32.3325,0,30,-30,1,100,1,59,5.665,0,0,0,0,0,0,0,0,0,0,100
1275,35.36,0,32,-32,1,100,1,64,6.72,0,0,0,0,0,0,0,0,0,0,100
1276,99.5,0,88.87,-88.87,1,400,1,149,50,0,0,0,0,0,0,0,0,0,0,400
1280,196.5,0,172,-172,1,500,1,343,50,0,0,0,0,0,0,0,0,0,0,500
1282,20.6675,0,21.87,-21.87,1,100,1,33,8.335,0,0,0,0,0,0,0,0,0,0,100
1283,281,0,256,-256,1,400,1,512,50,0,0,0,0,0,0,0,0,0,0,400
1286,52,0,47,-47,1,100,1,94,10,0,0,0,0,0,0,0,0,0,0,100
1287,44.1675,0,40,-40,1,100,1,80,8.335,0,0,0,0,0,0,0,0,0,0,100
1288,83.4225,0,500,-500,1,100,1,142,24.845,0,0,0,0,0,0,0,0,0,0,201.363
1289,27.25,0,26,-26,1,100,1,51,3.5,0,0,0,0,0,0,0,0,0,0,100
1291,38.5,82,200,-36,1,100,1,72,5,0,0,0,0,0,0,0,0,0,0,100
1293,26.3,0,26,-26,1,100,1,51,1.6,0,0,0,0,0,0,0,0,0,0,100
1295,28.5,0,196.72,-196.72,1,100,1,57,0,0,0,0,0,0,0,0,0,0,0,261
1295,257.375,0,500,-500,1,100,1,386,128.75,0,0,0,0,0,0,0,0,0,0,386.244
1296,9.9675,0,11.49,-11.49,1,100,1,17,2.935,0,0,0,0,0,0,0,0,0,0,100
1297,149.5,0,125,-125,1,500,1,249,50,0,0,0,0,0,0,0,0,0,0,500
1298,11.6675,84,178,-10,1,100,1,20,3.335,0,0,0,0,0,0,0,0,0,0,100
1299,18.8675,0,18,-18,1,100,1,36,1.735,0,0,0,0,0,0,0,0,0,0,100
1300,50.325,77,191,-37,1,200,1,73,27.65,0,0,0,0,0,0,0,0,0,0,200
1301,24.75,0,23,-23,1,100,1,46,3.5,0,0,0,0,0,0,0,0,0,0,100
1302,14.6675,84,181,-13,1,100,1,26,3.335,0,0,0,0,0,0,0,0,0,0,100
1304,6.8675,0,15.84,-15.84,1,100,1,12,1.735,0,0,0,0,0,0,0,0,0,0,100
1305,27.1675,77,180,-26,1,100,1,51,3.335,0,0,0,0,0,0,0,0,0,0,100
1307,93.5,0,179.64,-179.64,1,100,1,187,0,0,0,0,0,0,0,0,0,0,0,296
1307,149.8325,0,500,-500,1,100,1,244,55.665,0,0,0,0,0,0,0,0,0,0,148.593
1311,42.225,0,37,-37,1,100,1,74,10.45,0,0,0,0,0,0,0,0,0,0,100
1312,71.2025,0,67,-67,1,100,1,134,8.405,0,0,0,0,0,0,0,0,0,0,100
1316,574.8,0,519,-519,1,100,1,1038,111.6,0,0,0,0,0,0,0,0,0,0,391.254
1321,33.2125,0,30,-30,1,100,1,59,7.425,0,0,0,0,0,0,0,0,0,0,100
1324,50.7125,0,48.87,-48.87,1,100,1,94,7.425,0,0,0,0,0,0,0,0,0,0,100
1325,29.2125,0,48.87,-48.87,1,100,1,51,7.425,0,0,0,0,0,0,0,0,0,0,100
1327,35.725,0,34.68,-34.68,1,100,1,61,10.45,0,0,0,0,0,0,0,0,0,0,100
1332,22.4675,0,29.48,-29.48,1,100,1,36,8.935,0,0,0,0,0,0,0,0,0,0,100
1333,40.4675,0,36,-36,1,100,1,72,8.935,0,0,0,0,0,0,0,0,0,0,100
1334,43,0,295.2,-295.2,1,100,1,86,0,0,0,0,0,0,0,0,0,0,0,289
1334,861.685,0,591,-591,1,100,1,1181,542.37,0,0,0,0,0,0,0,0,0,0,1627.1121
1335,54.7425,0,56.99,-56.99,1,100,1,102,7.485,0,0,0,0,0,0,0,0,0,0,100
1338,23.5875,0,43.22,-43.22,1,100,1,41,6.175,0,0,0,0,0,0,0,0,0,0,100
1339,41.0875,0,43.22,-43.22,1,100,1,76,6.175,0,0,0,0,0,0,0,0,0,0,100
1340,15.395,0,20.9,-20.9,1,100,1,24,6.79,0,0,0,0,0,0,0,0,0,0,100
1345,49.0875,0,46,-46,1,100,1,92,6.175,0,0,0,0,0,0,0,0,0,0,100
1346,185.0675,0,500,-500,1,100,1,342,28.135,0,0,0,0,0,0,0,0,0,0,82.526
1349,33.4675,0,29.48,-29.48,1,100,1,58,8.935,0,0,0,0,0,0,0,0,0,0,100
1350,44.4675,0,40,-40,1,100,1,80,8.935,0,0,0,0,0,0,0,0,0,0,100
1354,36.7425,0,56.99,-56.99,1,100,1,66,7.485,0,0,0,0,0,0,0,0,0,0,100
1355,90.7425,0,87,-87,1,100,1,174,7.485,0,0,0,0,0,0,0,0,0,0,100
1356,38.7125,0,35,-35,1,100,1,70,7.425,0,0,0,0,0,0,0,0,0,0,100
1357,16.2125,0,21.85,-21.85,1,100,1,25,7.425,0,0,0,0,0,0,0,0,0,0,100
1358,35.895,0,33,-33,1,100,1,65,6.79,0,0,0,0,0,0,0,0,0,0,100
1359,15.395,0,20.9,-20.9,1,100,1,24,6.79,0,0,0,0,0,0,0,0,0,0,100
1360,33.7125,0,30,-30,1,100,1,60,7.425,0,0,0,0,0,0,0,0,0,0,100
1364,543.185,0,500,-500,1,100,1,839,247.37,0,0,0,0,0,0,0,0,0,0,1408.153
1366,171.88,0,500,-500,1,100,1,328,15.76,0,0,0,0,0,0,0,0,0,0,52.822
1367,583.715,0,537,-537,1,100,1,1073,94.43,0,0,0,0,0,0,0,0,0,0,713.94
1372,0,0,164,-164,1,100,0,327,8.575,0,0,0,0,0,0,0,0,0,0,32.152
1375,226.14,0,500,-500,1,100,1,343,109.28,0,0,0,0,0,0,0,0,0,0,475.032
1389,416.29,0,500,-500,1,100,1,674,158.58,0,0,0,0,0,0,0,0,0,0,641.356
1394,294.5425,0,500,-500,1,100,1,518,71.085,0,0,0,0,0,0,0,0,0,0,364.719
1395,323.7625,0,500,-500,1,100,1,481,166.525,0,0,0,0,0,0,0,0,0,0,499.572
1396,234.825,0,500,-500,1,100,1,345,124.65,0,0,0,0,0,0,0,0,0,0,373.947
1399,51.8075,0,68.26,-68.26,1,100,1,91,12.615,0,0,0,0,0,0,0,0,0,0,100
1403,41,0,86.68,-86.68,1,100,1,82,0,0,0,0,0,0,0,0,0,0,0,281
1403,151.2425,0,500,-500,1,100,1,229,73.485,0,0,0,0,0,0,0,0,0,0,461.703
1408,329.285,0,500,-500,1,100,1,463,195.57,0,0,0,0,0,0,0,0,0,0,1266.4871
1412,177.9,0,292.38,-292.38,1,100,1,273,82.8,0,0,0,0,0,0,0,0,0,0,479.988
1413,28.5,0,292.36,-292.36,1,100,1,57,0,0,0,0,0,0,0,0,0,0,0,324.845
1417,0,0,81,-81,1,100,0,162,105.22,0,0,0,0,0,0,0,0,0,0,225.443
1418,55.825,0,500,-500,1,100,1,96,15.65,0,0,0,0,0,0,0,0,0,0,149.096
1421,171.5675,0,500,-500,1,100,1,337,6.135,0,0,0,0,0,0,0,0,0,0,59.422
1434,0,0,112,-112,1,100,0,223,63.585,0,0,0,0,0,0,0,0,0,0,142.166
1454,67.8025,0,500,-500,1,100,1,128,7.605,0,0,0,0,0,0,0,0,0,0,33.251
1462,239.46,0,500,-500,1,100,1,429,49.92,0,0,0,0,0,0,0,0,0,0,134.846
1466,214.45,0,500,-500,1,100,1,378,50.9,0,0,0,0,0,0,0,0,0,0,166.329
1467,111.5,0,112,-112,1,100,1,223,-0,0,0,0,0,0,0,0,0,0,0,277
1471,0,0,72,-72,1,100,0,143,0.58,0,0,0,0,0,0,0,0,0,0,270
1484,263.275,0,500,-500,1,100,1,464,62.55,0,0,0,0,0,0,0,0,0,0,187.646
1487,75.5325,0,61,-61,1,200,1,122,29.065,0,0,0,0,0,0,0,0,0,0,200
1488,76.5325,0,62,-62,1,200,1,124,29.065,0,0,0,0,0,0,0,0,0,0,200
1491,0,0,48,-48,1,100,0,96,84.975,0,0,0,0,0,0,0,0,0,0,184.954
1494,65.6775,0,57,-57,1,200,1,114,17.355,0,0,0,0,0,0,0,0,0,0,200
1495,348.89,0,500,-500,1,100,1,535,162.78,0,0,0,0,0,0,0,0,0,0,488.336
1509,53.6775,0,45,-45,1,200,1,89,18.355,0,0,0,0,0,0,0,0,0,0,200
1510,131.1775,0,122,-122,1,200,1,244,18.355,0,0,0,0,0,0,0,0,0,0,200
1516,131.41,0,500,-500,1,100,1,196,66.82,0,0,0,0,0,0,0,0,0,0,200.454
1519,142.5325,0,128,-128,1,200,1,256,29.065,0,0,0,0,0,0,0,0,0,0,200
1523,94.5025,0,85,-85,1,200,1,170,19.005,0,0,0,0,0,0,0,0,0,0,200
1524,95.0025,0,86,-86,1,200,1,171,19.005,0,0,0,0,0,0,0,0,0,0,200
1525,109.0025,0,100,-100,1,200,1,199,19.005,0,0,0,0,0,0,0,0,0,0,200
1526,83.5325,0,69,-69,1,200,1,138,29.065,0,0,0,0,0,0,0,0,0,0,200
1527,304.5075,0,500,-500,1,100,1,537,72.015,0,0,0,0,0,0,0,0,0,0,216.039
1528,69.815,0,60,-60,1,200,1,119,20.63,0,0,0,0,0,0,0,0,0,0,200
1529,125.815,0,116,-116,1,200,1,231,20.63,0,0,0,0,0,0,0,0,0,0,200
1532,473.85,0,500,-500,1,100,1,895,52.7,0,0,0,0,0,0,0,0,0,0,572.649
1535,0,0,79,-79,1,100,0,158,1.53,0,0,0,0,0,0,0,0,0,0,297
1536,206.815,0,500,-500,1,100,1,318,95.63,0,0,0,0,0,0,0,0,0,0,286.886
1539,0,0,102,-102,1,55,0,203,11.5,0,0,0,0,0,0,0,0,0,0,55
1539,0,0,729,-729,1,50,0,1458,12.5,0,0,0,0,0,0,0,0,0,0,50
1540,149.75,-12.5,148,-173,1,23,1,296,3.5,0,0,0,0,0,0,0,0,0,0,23
1540,0,0,33,-33,1,50,0,66,12.5,0,0,0,0,0,0,0,0,0,0,50
1550,0,0,72,-72,1,100,0,144,1.005,0,0,0,0,0,0,0,0,0,0,296
1562,0,0,28,-28,1,7,0,55,2.5,0,0,0,0,0,0,0,0,0,0,264
1573,0,0,60,-60,1,100,0,119,11.91,0,0,0,0,0,0,0,0,0,0,38.82
1576,0,0,33.33,-33.33,1,100,0,14,8.64,0,0,0,0,0,0,0,0,0,0,32.277
1593,246,0,573.45,-573.45,1,100,1,492,0,0,0,0,0,0,0,0,0,0,0,113.998
1600,0,0,98,-98,1,100,0,196,471.11,0,0,0,0,0,0,0,0,0,0,486.107
1613,154.0825,0,500,-500,1,100,1,307,1.165,0,0,0,0,0,0,0,0,0,0,52.805
1633,0,0,33.33,-33.33,1,100,0,3,12.01,0,0,0,0,0,0,0,0,0,0,27.006
1638,140.3025,0,500,-500,1,100,1,271,9.605,0,0,0,0,0,0,0,0,0,0,327.63
1644,50.5,0,219.6,-219.6,1,100,1,101,0,0,0,0,0,0,0,0,0,0,0,284
1653,185.7575,0,500,-500,1,100,1,296,75.515,0,0,0,0,0,0,0,0,0,0,226.55
1657,50.705,67.5,179,-44,1,100,1,88,13.41,0,0,0,0,0,0,0,0,0,0,100
1665,97.8375,0,500,-500,1,100,1,192,3.675,0,0,0,0,0,0,0,0,0,0,79.812
1668,38.9175,81.5,198,-35,1,100,1,70,7.835,0,0,0,0,0,0,0,0,0,0,100
1679,61.485,0,500,-500,1,100,1,109,13.97,0,0,0,0,0,0,0,0,0,0,52.722
1684,0,0,68,-68,1,100,0,135,3.195,0,0,0,0,0,0,0,0,0,0,275
1685,284,0,284,-284,1,100,1,568,0,0,0,0,0,0,0,0,0,0,0,268
1686,155.4525,0,500,-500,1,100,1,240,70.905,0,0,0,0,0,0,0,0,0,0,216.57
1688,0,0,33.33,-33.33,1,100,0,3,17.53,0,0,0,0,0,0,0,0,0,0,32.526
1691,65.8825,0,62,-62,1,100,1,123,8.765,0,0,0,0,0,0,0,0,0,0,100
1693,80.0775,0,75,-75,1,100,1,150,10.155,0,0,0,0,0,0,0,0,0,0,100
1697,425.5,0,376,-376,1,700,1,751,100,0,0,0,0,0,0,0,0,0,0,700
1699,23.5,0,65.26,-65.26,1,100,1,47,0,0,0,0,0,0,0,0,0,0,0,297
1703,199,0,174,-174,1,500,1,348,50,0,0,0,0,0,0,0,0,0,0,500
1712,48.5,0,107.68,-107.68,1,100,1,97,0,0,0,0,0,0,0,0,0,0,0,297
1713,63.5525,0,59,-59,1,100,1,117,10.105,0,0,0,0,0,0,0,0,0,0,100
1714,0,0,45,-45,1,100,0,90,18.355,0,0,0,0,0,0,0,0,0,0,51.71
1718,26.2925,0,35.31,-35.31,1,100,1,49,3.585,0,0,0,0,0,0,0,0,0,0,100
1727,326.5,0,302,-302,1,500,1,603,50,0,0,0,0,0,0,0,0,0,0,500
1729,48.7425,0,45,-45,1,100,1,89,8.485,0,0,0,0,0,0,0,0,0,0,100
1730,34.7325,0,31,-31,1,100,1,61,8.465,0,0,0,0,0,0,0,0,0,0,100
1736,47.9175,74,192,-44,1,100,1,88,7.835,0,0,0,0,0,0,0,0,0,0,100
1740,0,0,33.33,-33.33,1,100,0,13,100.62,0,0,0,0,0,0,0,0,0,0,115.616
1742,30.9575,0,26,-26,1,100,1,51,10.915,0,0,0,0,0,0,0,0,0,0,100
1743,52.4575,0,47,-47,1,100,1,94,10.915,0,0,0,0,0,0,0,0,0,0,100
1744,57.4575,0,52,-52,1,100,1,104,10.915,0,0,0,0,0,0,0,0,0,0,100
1745,57.4575,0,52,-52,1,100,1,104,10.915,0,0,0,0,0,0,0,0,0,0,100
1746,79.0475,0,74,-74,1,100,1,148,10.095,0,0,0,0,0,0,0,0,0,0,100
1747,23.5475,0,19,-19,1,100,1,37,10.095,0,0,0,0,0,0,0,0,0,0,100
1751,106.5,0,107,-107,1,100,1,213,0,0,0,0,0,0,0,0,0,0,0,273
1752,60.2125,0,56,-56,1,100,1,112,8.425,0,0,0,0,0,0,0,0,0,0,100
1753,88.205,50.5,183,-82,1,100,1,163,13.41,0,0,0,0,0,0,0,0,0,0,100
1758,22.5,0,160,-160,1,100,1,45,0,0,0,0,0,0,0,0,0,0,0,298
1759,114.0325,0,500,-500,1,100,1,222,6.065,0,0,0,0,0,0,0,0,0,0,38.011
1762,183.4675,0,500,-500,1,100,1,361,5.935,0,0,0,0,0,0,0,0,0,0,37.312
1771,0,0,368,-368,1,100,0,735,1.4,0,0,0,0,0,0,0,0,0,0,262
1780,64.5,0,142.8,-142.8,1,100,1,129,0,0,0,0,0,0,0,0,0,0,0,298
1782,40.9175,74,185,-37,1,100,1,74,7.835,0,0,0,0,0,0,0,0,0,0,100
1783,53.2125,0,49,-49,1,100,1,98,8.425,0,0,0,0,0,0,0,0,0,0,100
1790,65.705,66,191,-59,1,100,1,118,13.41,0,0,0,0,0,0,0,0,0,0,100
1791,48.705,77.5,197,-42,1,100,1,84,13.41,0,0,0,0,0,0,0,0,0,0,100
1793,110,0,110,-110,1,100,1,220,0,0,0,0,0,0,0,0,0,0,0,251
1794,0,0,33.33,-33.33,1,100,0,19,53.82,0,0,0,0,0,0,0,0,0,0,68.819
1803,23.2125,0,500,-500,1,100,1,45,1.425,0,0,0,0,0,0,0,0,0,0,99.729
1808,15.6025,84,180,-12,1,100,1,24,7.205,0,0,0,0,0,0,0,0,0,0,100
1809,28.1025,85.5,196,-25,1,100,1,49,7.205,0,0,0,0,0,0,0,0,0,0,100
1810,39.6025,75,186,-36,1,100,1,72,7.205,0,0,0,0,0,0,0,0,0,0,100
1811,87.0525,0,82,-82,1,100,1,164,10.105,0,0,0,0,0,0,0,0,0,0,100
1812,25.5525,0,23.74,-23.74,1,100,1,41,10.105,0,0,0,0,0,0,0,0,0,0,100
1814,0,0,33.33,-33.33,1,100,0,18,38.46,0,0,0,0,0,0,0,0,0,0,53.464
1818,99.5,0,100,-100,1,100,1,199,0,0,0,0,0,0,0,0,0,0,0,258
1821,102,0,240.14,-240.14,1,100,1,204,0,0,0,0,0,0,0,0,0,0,0,266.816
1822,206,0,240.14,-240.14,1,100,1,412,0,0,0,0,0,0,0,0,0,0,0,266.816
1823,141.5,0,240.14,-240.14,1,100,1,283,0,0,0,0,0,0,0,0,0,0,0,266.816
1824,95,0,240.13,-240.13,1,100,1,190,0,0,0,0,0,0,0,0,0,0,0,266.808
1826,16,0,65.12,-65.12,1,100,1,32,0,0,0,0,0,0,0,0,0,0,0,72.36
1828,25.5,0,65.12,-65.12,1,100,1,51,0,0,0,0,0,0,0,0,0,0,0,72.36
1830,53.5,0,104.33,-104.33,1,100,1,107,0,0,0,0,0,0,0,0,0,0,0,144.9
1832,69.5,0,104.33,-104.33,1,100,1,139,0,0,0,0,0,0,0,0,0,0,0,144.9
1834,92,0,104.33,-104.33,1,100,1,184,0,0,0,0,0,0,0,0,0,0,0,144.9
1841,926.5075,0,854,-854,1,100,1,1707,146.015,0,0,0,0,0,0,0,0,0,0,454.963
1863,123.765,0,500,-500,1,100,1,194,53.53,0,0,0,0,0,0,0,0,0,0,149.096
1864,0,0,33.33,-33.33,1,100,0,10,58,0,0,0,0,0,0,0,0,0,0,72.998
1887,0,0,95,-95,1,100,0,190,50.055,0,0,0,0,0,0,0,0,0,0,115.108
1929,0,0,33.33,-33.33,1,100,0,8,17.91,0,0,0,0,0,0,0,0,0,0,32.912
1932,56.7525,0,500,-500,1,100,1,105,8.505,0,0,0,0,0,0,0,0,0,0,43.567
1934,14,0,33.75,-33.75,1,100,1,28,0,0,0,0,0,0,0,0,0,0,0,46.875
1936,18,0,33.75,-33.75,1,100,1,36,0,0,0,0,0,0,0,0,0,0,0,46.875
1937,54.3,0,500,-500,1,100,1,88,20.6,0,0,0,0,0,0,0,0,0,0,64.438
1939,7.5,0,31.05,-31.05,1,100,1,15,0,0,0,0,0,0,0,0,0,0,0,43.125
1940,12,0,31.05,-31.05,1,100,1,24,0,0,0,0,0,0,0,0,0,0,0,43.125
1943,16.5,0,49.95,-49.95,1,100,1,33,0,0,0,0,0,0,0,0,0,0,0,69.375
1947,7,0,13.5,-13.5,1,100,1,14,0,0,0,0,0,0,0,0,0,0,0,18.75
1948,12,0,13.5,-13.5,1,100,1,24,0,0,0,0,0,0,0,0,0,0,0,18.75
1949,6.5,0,13.5,-13.5,1,100,1,13,0,0,0,0,0,0,0,0,0,0,0,18.75
1953,32,0,63.18,-63.18,1,100,1,64,0,0,0,0,0,0,0,0,0,0,0,87.771
1955,11,0,24.37,-24.37,1,100,1,22,0,0,0,0,0,0,0,0,0,0,0,33.85
1958,80.64,0,500,-500,1,100,1,155,6.28,0,0,0,0,0,0,0,0,0,0,34.725
1959,0,0,33.33,-33.33,1,100,0,25,9.855,0,0,0,0,0,0,0,0,0,0,34.714
1961,60.9675,0,500,-500,1,100,1,98,23.935,0,0,0,0,0,0,0,0,0,0,76.887
1966,34.31,0,500,-500,1,100,1,64,4.62,0,0,0,0,0,0,0,0,0,0,43.626
1968,0,0,33.33,-33.33,1,100,0,59,40.285,0,0,0,0,0,0,0,0,0,0,95.575
1972,183.78,0,500,-500,1,100,1,335,32.56,0,0,0,0,0,0,0,0,0,0,93.142
1983,0,0,151,-151,1,100,0,301,10.025,0,0,0,0,0,0,0,0,0,0,35.048
1989,24,0,33.75,-33.75,1,100,1,48,0,0,0,0,0,0,0,0,0,0,0,46.875
1997,17,0,20.25,-20.25,1,100,1,34,0,0,0,0,0,0,0,0,0,0,0,28.125
2000,0,0,253,-253,1,100,0,506,16.38,0,0,0,0,0,0,0,0,0,0,47.76
2001,25.0725,0,500,-500,1,100,1,47,3.145,0,0,0,0,0,0,0,0,0,0,47.746
2004,105.1825,0,500,-500,1,100,1,198,12.365,0,0,0,0,0,0,0,0,0,0,44.671
2016,207,0,396.62,-396.62,1,100,1,414,0,0,0,0,0,0,0,0,0,0,0,440.693
2017,171.5,0,396.6,-396.6,1,100,1,343,0,0,0,0,0,0,0,0,0,0,0,440.668
2019,0,0,170,-170,1,100,0,340,0,0,0,0,0,0,0,0,0,0,0,273
2020,0,0,43,-43,1,100,0,86,0,0,0,0,0,0,0,0,0,0,0,253
2022,0,0,71,-71,1,100,0,141,0,0,0,0,0,0,0,0,0,0,0,264
2023,0,0,33.33,-33.33,1,100,0,51,0,0,0,0,0,0,0,0,0,0,0,269
2024,0,0,33.33,-33.33,1,100,0,61,0,0,0,0,0,0,0,0,0,0,0,278
2025,0,0,96,-96,1,100,0,191,0,0,0,0,0,0,0,0,0,0,0,281
2027,175,0,382.15,-382.15,1,100,1,350,0,0,0,0,0,0,0,0,0,0,0,424.614
2028,378,0,382.17,-382.17,1,100,1,756,0,0,0,0,0,0,0,0,0,0,0,424.638
2030,260.5,0,381.21,-381.21,1,100,1,521,0,0,0,0,0,0,0,0,0,0,0,423.563
2031,146.5,0,381.2,-381.2,1,100,1,293,0,0,0,0,0,0,0,0,0,0,0,423.56
2033,329,0,386.68,-386.68,1,100,1,658,0,0,0,0,0,0,0,0,0,0,0,429.65
2034,333,0,386.66,-386.66,1,100,1,666,0,0,0,0,0,0,0,0,0,0,0,429.625
2035,0,0,56,-56,1,100,0,112,0,0,0,0,0,0,0,0,0,0,0,269
2037,308,0,308,-308,1,100,1,616,0,0,0,0,0,0,0,0,0,0,0,340.05
2038,225.5,0,306.05,-306.05,1,100,1,451,0,0,0,0,0,0,0,0,0,0,0,340.05
2039,148.5,0,306.05,-306.05,1,100,1,297,0,0,0,0,0,0,0,0,0,0,0,340.05
2041,458,0,458,-458,1,100,1,916,0,0,0,0,0,0,0,0,0,0,0,422.282
2042,443,0,443,-443,1,100,1,886,0,0,0,0,0,0,0,0,0,0,0,418.888
2043,1289.6775,0,1134,-1134,1,100,1,2268,311.355,0,0,0,0,0,0,0,0,0,0,919.141
2045,159.5,0,334.35,-334.35,1,100,1,319,0,0,0,0,0,0,0,0,0,0,0,371.5
2046,224,0,334.35,-334.35,1,100,1,448,0,0,0,0,0,0,0,0,0,0,0,371.5
2047,169.5,0,334.35,-334.35,1,100,1,339,0,0,0,0,0,0,0,0,0,0,0,371.5
2048,195.675,0,500,-500,1,100,1,325,66.35,0,0,0,0,0,0,0,0,0,0,246.227
2050,166,0,387.22,-387.22,1,100,1,332,0,0,0,0,0,0,0,0,0,0,0,430.241
2059,0,0,38,-38,1,100,0,76,0,0,0,0,0,0,0,0,0,0,0,261
2062,297.5,0,395.39,-395.39,1,100,1,595,0,0,0,0,0,0,0,0,0,0,0,439.326
2062,531.5,0,532,-532,1,100,1,1063,0,0,0,0,0,0,0,0,0,0,0,392.255
2062,293.5,0,296.55,-296.55,1,100,1,587,0,0,0,0,0,0,0,0,0,0,0,392.255
2066,0,0,33.33,-33.33,1,100,0,13,0,0,0,0,0,0,0,0,0,0,0,266
2067,0,0,40,-40,1,100,0,80,0,0,0,0,0,0,0,0,0,0,0,259
2067,0,0,112,-112,1,100,0,223,0,0,0,0,0,0,0,0,0,0,0,281
2068,1498.7725,0,1194,-1194,1,100,1,2387,610.545,0,0,0,0,0,0,0,0,0,0,1758.365
2072,110.645,0,500,-500,1,100,1,193,28.29,0,0,0,0,0,0,0,0,0,0,142.97
2075,227.3475,0,500,-500,1,100,1,452,2.695,0,0,0,0,0,0,0,0,0,0,254.018
2081,595.09,0,620.4,-620.4,1,100,1,1072,118.18,0,0,0,0,0,0,0,0,0,0,354.534
2091,70.605,0,500,-500,1,100,1,128,13.21,0,0,0,0,0,0,0,0,0,0,50.389
2120,0,0,33.33,-33.33,1,100,0,47,0,0,0,0,0,0,0,0,0,0,0,288
2121,0,0,33.33,-33.33,1,100,0,17,0,0,0,0,0,0,0,0,0,0,0,295
2122,0,0,34,-34,1,100,0,68,0,0,0,0,0,0,0,0,0,0,0,280
2123,0,0,57,-57,1,100,0,113,0,0,0,0,0,0,0,0,0,0,0,266
2159,0,0,166,-166,1,100,0,332,0.04,0,0,0,0,0,0,0,0,0,0,289
2177,42.2175,0,500,-500,1,100,1,68,16.435,0,0,0,0,0,0,0,0,0,0,54.442
2194,30.5,0,31,-31,1,100,1,61,0,0,0,0,0,0,0,0,0,0,0,39.15
2198,12.5,0,23.33,-23.33,1,100,1,25,0,0,0,0,0,0,0,0,0,0,0,32.4
2200,24.5,0,25,-25,1,100,1,49,0,0,0,0,0,0,0,0,0,0,0,32.4
2202,17.5,0,25.78,-25.78,1,100,1,35,0,0,0,0,0,0,0,0,0,0,0,35.812
2208,9,0,44.71,-44.71,1,100,1,18,0,0,0,0,0,0,0,0,0,0,0,62.1
2210,25,0,44.71,-44.71,1,100,1,50,0,0,0,0,0,0,0,0,0,0,0,62.1
2212,24,0,31.05,-31.05,1,100,1,48,0,0,0,0,0,0,0,0,0,0,0,43.125
2213,21,0,31.05,-31.05,1,100,1,42,0,0,0,0,0,0,0,0,0,0,0,43.125
2216,4.5,88.125,183,-6.75,1,100,1,9,0,0,0,0,0,0,0,0,0,0,0,292
2218,9,0,29.3,-29.3,1,100,1,18,0,0,0,0,0,0,0,0,0,0,0,40.688
2226,26.5,0,27,-27,1,100,1,53,0,0,0,0,0,0,0,0,0,0,0,34.987
2228,14.5,0,17.98,-17.98,1,100,1,29,0,0,0,0,0,0,0,0,0,0,0,24.975
2232,44,0,44,-44,1,100,1,88,0,0,0,0,0,0,0,0,0,0,0,34.912
2234,21.5,0,65.12,-65.12,1,100,1,43,0,0,0,0,0,0,0,0,0,0,0,90.449
2236,13,0,20.79,-20.79,1,100,1,26,0,0,0,0,0,0,0,0,0,0,0,28.875
2248,0,0,33.33,-33.33,1,100,0,57,0.065,0,0,0,0,0,0,0,0,0,0,299
2291,72.775,0,62,-62,1,200,1,124,21.55,0,0,0,0,0,0,0,0,0,0,200
2292,0,0,46,-46,1,100,0,91,41.98,0,0,0,0,0,0,0,0,0,0,98.962
2297,0,0,33.33,-33.33,1,100,0,21,0.78,0,0,0,0,0,0,0,0,0,0,290
2299,75.2975,0,70,-70,1,100,1,140,10.595,0,0,0,0,0,0,0,0,0,0,100
2302,73.7975,0,69,-69,1,100,1,137,10.595,0,0,0,0,0,0,0,0,0,0,100
2304,152.275,0,142,-142,1,200,1,283,21.55,0,0,0,0,0,0,0,0,0,0,200
2309,0,0,181,-181,1,100,0,362,3.78,0,0,0,0,0,0,0,0,0,0,286
2335,66.385,0,500,-500,1,100,1,128,4.77,0,0,0,0,0,0,0,0,0,0,110.961
2339,0,0,120,-120,1,100,0,240,38.14,0,0,0,0,0,0,0,0,0,0,91.275
2341,44.2975,0,39,-39,1,100,1,78,10.595,0,0,0,0,0,0,0,0,0,0,100
2347,0,0,75,-75,1,225,0,87,64.5,0,0,0,0,0,0,0,0,0,0,225
2347,0,0,75,-75,1,225,0,149,64.5,0,0,0,0,0,0,0,0,0,0,225
2347,0,0,50,-50,1,100,0,100,20.925,0,0,0,0,0,0,0,0,0,0,56.853
2350,0,0,33.33,-33.33,1,100,0,15,51.71,0,0,0,0,0,0,0,0,0,0,66.709
2363,24.85,0,500,-500,1,100,1,41,8.7,0,0,0,0,0,0,0,0,0,0,42.509
2367,34.535,0,500,-500,1,100,1,64,5.07,0,0,0,0,0,0,0,0,0,0,28.345
2368,0,0,33.33,-33.33,1,100,0,5,16.45,0,0,0,0,0,0,0,0,0,0,31.451
2370,0,0,44,-44,1,100,0,87,1.625,0,0,0,0,0,0,0,0,0,0,282
2374,0,0,169,-169,1,100,0,337,19.305,0,0,0,0,0,0,0,0,0,0,53.609
2382,0,0,92,-92,1,100,0,184,1.75,0,0,0,0,0,0,0,0,0,0,255
2386,18,13.5,192,-165,1,17.9,1,35,1,0,0,0,0,0,0,0,0,0,0,17.149
2386,29.5,12.5,196,-171,1,17.35,1,58,1,0,0,0,0,0,0,0,0,0,0,17.149
2386,20.5,4,193,-185,1,17.35,1,40,1,0,0,0,0,0,0,0,0,0,0,17.149
2386,48.5,8,197,-181,1,4.56,1,97,0,0,0,0,0,0,0,0,0,0,0,271
2386,22.5,7,198,-184,1,5.04,1,45,0,0,0,0,0,0,0,0,0,0,0,251
2386,0,0,4.67,-4.67,1,14,0,8,1,0,0,0,0,0,0,0,0,0,0,14
2394,0,0,80,-80,1,100,0,159,10.88,0,0,0,0,0,0,0,0,0,0,36.762
2409,43.1425,0,39,-39,1,100,1,78,8.285,0,0,0,0,0,0,0,0,0,0,100
2414,69.1325,0,66,-66,1,100,1,132,6.265,0,0,0,0,0,0,0,0,0,0,100
2415,66.6325,0,64,-64,1,100,1,127,6.265,0,0,0,0,0,0,0,0,0,0,100
2416,58.6325,0,56,-56,1,100,1,111,6.265,0,0,0,0,0,0,0,0,0,0,100
2417,23.6325,0,21,-21,1,100,1,41,6.265,0,0,0,0,0,0,0,0,0,0,100
2418,43.6325,0,41,-41,1,100,1,81,6.265,0,0,0,0,0,0,0,0,0,0,100
2419,32.9475,0,28,-28,1,100,1,56,9.895,0,0,0,0,0,0,0,0,0,0,100
2420,44.9475,0,40,-40,1,100,1,80,9.895,0,0,0,0,0,0,0,0,0,0,100
2424,115.38,0,100,-100,1,200,1,199,31.76,0,0,0,0,0,0,0,0,0,0,200
2428,44.9475,0,40,-40,1,100,1,80,9.895,0,0,0,0,0,0,0,0,0,0,100
2429,31.11,0,29,-29,1,100,1,58,4.22,0,0,0,0,0,0,0,0,0,0,100
2430,22.6425,0,19,-19,1,100,1,37,8.285,0,0,0,0,0,0,0,0,0,0,100
2431,19.61,0,18,-18,1,100,1,35,4.22,0,0,0,0,0,0,0,0,0,0,100
2432,23.04,0,17,-17,1,100,1,33,13.08,0,0,0,0,0,0,0,0,0,0,100
2434,64.4475,0,60,-60,1,100,1,119,9.895,0,0,0,0,0,0,0,0,0,0,100
2435,36.45,0,29,-29,1,100,1,58,14.9,0,0,0,0,0,0,0,0,0,0,100
2436,65.45,0,58,-58,1,100,1,116,14.9,0,0,0,0,0,0,0,0,0,0,100
2438,79.54,0,73,-73,1,100,1,146,13.08,0,0,0,0,0,0,0,0,0,0,100
2442,46.9475,0,42,-42,1,100,1,84,9.895,0,0,0,0,0,0,0,0,0,0,100
2443,20.9475,0,16,-16,1,100,1,32,9.895,0,0,0,0,0,0,0,0,0,0,100
2444,35.4475,0,31,-31,1,100,1,61,9.895,0,0,0,0,0,0,0,0,0,0,100
2445,34.9475,0,30,-30,1,100,1,60,9.895,0,0,0,0,0,0,0,0,0,0,100
2446,39.4475,0,35,-35,1,100,1,69,9.895,0,0,0,0,0,0,0,0,0,0,100
2448,473.2675,0,500,-500,1,100,1,781,165.535,0,0,0,0,0,0,0,0,0,0,496.61
2449,130,0,105,-105,1,400,1,210,50,0,0,0,0,0,0,0,0,0,0,400
2451,0,0,33.33,-33.33,1,100,0,8,79.11,0,0,0,0,0,0,0,0,0,0,94.115
2452,67.4825,0,56,-56,1,200,1,112,22.965,0,0,0,0,0,0,0,0,0,0,200
2453,144.5625,0,132,-132,1,200,1,263,26.125,0,0,0,0,0,0,0,0,0,0,200
2459,73.5,0,100.32,-100.32,1,100,1,147,0,0,0,0,0,0,0,0,0,0,0,266
2459,846.805,0,612,-612,1,100,1,1223,470.61,0,0,0,0,0,0,0,0,0,0,1411.834
2460,0,0,33.33,-33.33,1,100,0,6,48.15,0,0,0,0,0,0,0,0,0,0,63.149
2461,180.5,0,156,-156,1,400,1,311,50,0,0,0,0,0,0,0,0,0,0,400
2464,75.15,0,500,-500,1,100,1,117,33.3,0,0,0,0,0,0,0,0,0,0,94.92
2468,183.5,0,200.18,-200.18,1,100,1,367,0,0,0,0,0,0,0,0,0,0,0,296
2468,749.935,0,567,-567,1,100,1,1133,366.87,0,0,0,0,0,0,0,0,0,0,1056.583
2470,58.5625,0,46.41,-46.41,1,200,1,91,26.125,0,0,0,0,0,0,0,0,0,0,200
2471,138.0625,0,125,-125,1,200,1,250,26.125,0,0,0,0,0,0,0,0,0,0,200
2472,67.5625,0,55,-55,1,200,1,109,26.125,0,0,0,0,0,0,0,0,0,0,200
2473,178.5625,0,166,-166,1,200,1,331,26.125,0,0,0,0,0,0,0,0,0,0,200
2476,0,0,33.33,-33.33,1,100,0,4,48.65,0,0,0,0,0,0,0,0,0,0,63.647
2479,282,0,282,-282,1,100,1,564,0,0,0,0,0,0,0,0,0,0,0,252
2480,426.715,0,500,-500,1,100,1,713,140.43,0,0,0,0,0,0,0,0,0,0,421.294
2483,75.835,0,60,-60,1,200,1,120,31.67,0,0,0,0,0,0,0,0,0,0,200
2484,146.335,0,131,-131,1,200,1,261,31.67,0,0,0,0,0,0,0,0,0,0,200
2485,65.835,0,50,-50,1,200,1,100,31.67,0,0,0,0,0,0,0,0,0,0,200
2489,115.91,0,500,-500,1,100,1,223,8.82,0,0,0,0,0,0,0,0,0,0,47.189
2491,55.2475,0,46,-46,1,200,1,91,19.495,0,0,0,0,0,0,0,0,0,0,200
2492,103.2475,0,94,-94,1,200,1,187,19.495,0,0,0,0,0,0,0,0,0,0,200
2495,28.8475,0,35.67,-35.67,1,100,1,43,14.695,0,0,0,0,0,0,0,0,0,0,100
2496,70.3475,0,63,-63,1,100,1,126,14.695,0,0,0,0,0,0,0,0,0,0,100
2498,181.5,0,132,-132,1,700,1,263,100,0,0,0,0,0,0,0,0,0,0,700
2499,210.5,0,161,-161,1,700,1,321,100,0,0,0,0,0,0,0,0,0,0,700
2500,61.4825,0,50,-50,1,200,1,100,22.965,0,0,0,0,0,0,0,0,0,0,200
2501,78.4825,0,67,-67,1,200,1,134,22.965,0,0,0,0,0,0,0,0,0,0,200
2502,77.4825,0,66,-66,1,200,1,132,22.965,0,0,0,0,0,0,0,0,0,0,200
2503,113.4825,0,102,-102,1,200,1,204,22.965,0,0,0,0,0,0,0,0,0,0,200
2506,0,0,33.33,-33.33,1,100,0,6,94.81,0,0,0,0,0,0,0,0,0,0,109.813
2510,98,14.645,146.43,-117.14,1,100,1,196,0,0,0,0,0,0,0,0,0,0,0,266
2511,37.4725,4.5,188,-179,1,200,1,58,16.945,0,0,0,0,0,0,0,0,0,0,200
2513,64,0,66.46,-66.46,1,100,1,128,0,0,0,0,0,0,0,0,0,0,0,277
2517,127.1875,0,111,-111,1,200,1,222,32.375,0,0,0,0,0,0,0,0,0,0,200
2518,63.6875,0,48,-48,1,200,1,95,32.375,0,0,0,0,0,0,0,0,0,0,200
2520,76.2825,63.5,191,-64,1,200,1,127,25.565,0,0,0,0,0,0,0,0,0,0,200
2522,117.315,0,500,-500,1,100,1,189,45.63,0,0,0,0,0,0,0,0,0,0,516.218
2523,70.0525,0,55,-55,1,200,1,110,30.105,0,0,0,0,0,0,0,0,0,0,200
2524,50,8.14,81.38,-65.1,1,100,1,100,0,0,0,0,0,0,0,0,0,0,0,280
2525,59.5175,66.5,177,-44,1,200,1,88,31.035,0,0,0,0,0,0,0,0,0,0,200
2526,116.5175,40,181,-101,1,200,1,202,31.035,0,0,0,0,0,0,0,0,0,0,200
2527,52.07,76.5,194,-41,1,200,1,81,23.14,0,0,0,0,0,0,0,0,0,0,200
2529,81.7825,59,187,-69,1,200,1,138,25.565,0,0,0,0,0,0,0,0,0,0,200
2530,49.7825,77,191,-37,1,200,1,74,25.565,0,0,0,0,0,0,0,0,0,0,200
2531,154.5775,0,143,-143,1,200,1,286,23.155,0,0,0,0,0,0,0,0,0,0,200
2532,45.0775,0,34,-34,1,200,1,67,23.155,0,0,0,0,0,0,0,0,0,0,200
2534,55.845,67,181,-47,1,200,1,93,18.69,0,0,0,0,0,0,0,0,0,0,200
2535,89.8125,56,187,-75,1,200,1,149,30.625,0,0,0,0,0,0,0,0,0,0,200
2536,123.8125,39,187,-109,1,200,1,217,30.625,0,0,0,0,0,0,0,0,0,0,200
2537,68.1875,0,52,-52,1,200,1,104,32.375,0,0,0,0,0,0,0,0,0,0,200
2538,75.6875,0,60,-60,1,200,1,119,32.375,0,0,0,0,0,0,0,0,0,0,200
2539,62.6875,0,47,-47,1,200,1,93,32.375,0,0,0,0,0,0,0,0,0,0,200
2541,106.0525,0,91,-91,1,200,1,182,30.105,0,0,0,0,0,0,0,0,0,0,200
2542,54.5525,0,40,-40,1,200,1,79,30.105,0,0,0,0,0,0,0,0,0,0,200
2543,88.5525,0,74,-74,1,200,1,147,30.105,0,0,0,0,0,0,0,0,0,0,200
2544,54.5525,0,40,-40,1,200,1,79,30.105,0,0,0,0,0,0,0,0,0,0,200
2547,64.5775,0,53,-53,1,200,1,106,23.155,0,0,0,0,0,0,0,0,0,0,200
2548,51.07,67.5,175,-40,1,200,1,79,23.14,0,0,0,0,0,0,0,0,0,0,200
2549,51.7625,74.5,191,-42,1,200,1,83,20.525,0,0,0,0,0,0,0,0,0,0,200
2550,92.7625,55.5,194,-83,1,200,1,165,20.525,0,0,0,0,0,0,0,0,0,0,200
2551,47.845,68,175,-39,1,200,1,77,18.69,0,0,0,0,0,0,0,0,0,0,200
2552,118.2675,38,180,-104,1,200,1,207,29.535,0,0,0,0,0,0,0,0,0,0,200
2553,52.9725,8,191,-175,1,200,1,89,16.945,0,0,0,0,0,0,0,0,0,0,200
2555,189.1875,0,173,-173,1,200,1,346,32.375,0,0,0,0,0,0,0,0,0,0,200
2556,90.8825,0,77,-77,1,200,1,154,27.765,0,0,0,0,0,0,0,0,0,0,200
2557,51.3825,0,38,-38,1,200,1,75,27.765,0,0,0,0,0,0,0,0,0,0,200
2558,188.3825,0,175,-175,1,200,1,349,27.765,0,0,0,0,0,0,0,0,0,0,200
2563,29.3325,0,29,-29,1,100,1,57,1.665,0,0,0,0,0,0,0,0,0,0,100
2564,31.6725,75,182,-32,1,100,1,63,0.345,0,0,0,0,0,0,0,0,0,0,100
2565,22.665,79.5,182,-23,1,100,1,45,0.33,0,0,0,0,0,0,0,0,0,0,100
2566,23.5225,79.5,183,-24,1,100,1,47,0.045,0,0,0,0,0,0,0,0,0,0,100
2572,23.5575,85,194,-24,1,100,1,47,0.115,0,0,0,0,0,0,0,0,0,0,100
2574,207.5,0,183,-183,1,600,1,365,50,0,0,0,0,0,0,0,0,0,0,600
2575,23.5125,81,186,-24,1,100,1,47,0.025,0,0,0,0,0,0,0,0,0,0,100
2576,75.5,0,132.44,-132.44,1,100,1,151,0,0,0,0,0,0,0,0,0,0,0,283
2577,94.5,0,113.4,-113.4,1,100,1,189,0,0,0,0,0,0,0,0,0,0,0,290
2579,0,0,83,-83,1,100,0,165,11.73,0,0,0,0,0,0,0,0,0,0,38.456
2580,17.64,79.5,176,-17,1,100,1,34,1.28,0,0,0,0,0,0,0,0,0,0,100
2581,43,0,92.02,-92.02,1,100,1,86,0,0,0,0,0,0,0,0,0,0,0,297
2581,408.4225,0,500,-500,1,100,1,600,216.845,0,0,0,0,0,0,0,0,0,0,650.529
2584,30.3675,77,184,-30,1,100,1,59,1.735,0,0,0,0,0,0,0,0,0,0,100
2585,44.1675,78,197,-41,1,100,1,81,7.335,0,0,0,0,0,0,0,0,0,0,100
2586,129.5,0,105,-105,1,400,1,209,50,0,0,0,0,0,0,0,0,0,0,400
2587,9.665,82.5,175,-10,1,100,1,19,0.33,0,0,0,0,0,0,0,0,0,0,100
2588,274,0,576,-576,1,100,1,548,0,0,0,0,0,0,0,0,0,0,0,285
2588,0,0,33.33,-33.33,1,100,0,64,351.17,0,0,0,0,0,0,0,0,0,0,366.167
2590,14.5625,87.5,189,-14,1,100,1,28,1.125,0,0,0,0,0,0,0,0,0,0,100
2591,29.15,82,193,-29,1,100,1,58,0.3,0,0,0,0,0,0,0,0,0,0,100
2594,385.5,0,361,-361,1,500,1,721,50,0,0,0,0,0,0,0,0,0,0,500
2597,29.0175,74.5,177,-28,1,100,1,55,3.035,0,0,0,0,0,0,0,0,0,0,100
2598,122.335,0,500,-500,1,100,1,223,21.67,0,0,0,0,0,0,0,0,0,0,505.373
2600,264,0,239,-239,1,400,1,478,50,0,0,0,0,0,0,0,0,0,0,400
2602,11.8675,90,191,-11,1,100,1,22,1.735,0,0,0,0,0,0,0,0,0,0,100
2603,34.5725,71.5,178,-35,1,100,1,69,0.145,0,0,0,0,0,0,0,0,0,0,100
2604,128.5,0,104,-104,1,400,1,207,50,0,0,0,0,0,0,0,0,0,0,400
2609,76,0,136.02,-136.02,1,100,1,152,0,0,0,0,0,0,0,0,0,0,0,255
2611,44.14,66,176,-44,1,100,1,87,1.28,0,0,0,0,0,0,0,0,0,0,100
2613,14.5125,83,181,-15,1,100,1,29,0.025,0,0,0,0,0,0,0,0,0,0,100
2617,48.4,0,44,-44,1,100,1,87,9.8,0,0,0,0,0,0,0,0,0,0,100
2618,21.165,88,197,-21,1,100,1,42,0.33,0,0,0,0,0,0,0,0,0,0,100
2619,38.75,0,35,-35,1,100,1,70,7.5,0,0,0,0,0,0,0,0,0,0,100
2620,49.245,64,177,-49,1,100,1,98,0.49,0,0,0,0,0,0,0,0,0,0,100
2624,240.5,0,216,-216,1,500,1,431,50,0,0,0,0,0,0,0,0,0,0,500
2625,154.5,0,198.07,-198.07,1,500,1,259,50,0,0,0,0,0,0,0,0,0,0,500
2626,24.6675,0,23,-23,1,100,1,46,3.335,0,0,0,0,0,0,0,0,0,0,100
2627,16.085,80,176,-16,1,100,1,32,0.17,0,0,0,0,0,0,0,0,0,0,100
2628,36.5425,69.5,176,-37,1,100,1,73,0.085,0,0,0,0,0,0,0,0,0,0,100
2629,38.6875,76,191,-39,1,100,1,77,0.375,0,0,0,0,0,0,0,0,0,0,100
2630,135,0,110,-110,1,400,1,220,50,0,0,0,0,0,0,0,0,0,0,400
2631,678.5,0,679,-679,1,100,1,1357,0,0,0,0,0,0,0,0,0,0,0,261
2632,44.6675,0,38,-38,1,100,1,76,13.335,0,0,0,0,0,0,0,0,0,0,100
2633,17.165,83,183,-17,1,100,1,34,0.33,0,0,0,0,0,0,0,0,0,0,100
2634,0,0,461,-461,1,100,0,922,135.535,0,0,0,0,0,0,0,0,0,0,286.067
2636,48.3675,66.5,181,-48,1,100,1,95,1.735,0,0,0,0,0,0,0,0,0,0,100
2639,94.1675,0,78,-78,1,300,1,155,33.335,0,0,0,0,0,0,0,0,0,0,300
2640,31.5025,71.5,175,-32,1,100,1,63,0.005,0,0,0,0,0,0,0,0,0,0,100
2641,91.6325,0,69,-69,1,300,1,137,46.265,0,0,0,0,0,0,0,0,0,0,300
2642,108.5,0,332.4,-332.4,1,100,1,217,0,0,0,0,0,0,0,0,0,0,0,269
2644,89.1325,57,180,-66,1,300,1,132,46.265,0,0,0,0,0,0,0,0,0,0,300
2645,95,0,70,-70,1,400,1,140,50,0,0,0,0,0,0,0,0,0,0,400
2647,144.5,0,120,-120,1,500,1,239,50,0,0,0,0,0,0,0,0,0,0,500
2649,73.5,0,140.4,-140.4,1,100,1,147,0,0,0,0,0,0,0,0,0,0,0,283
2649,53,0,140.4,-140.4,1,100,1,106,0,0,0,0,0,0,0,0,0,0,0,238.8
2651,107,0,82,-82,1,400,1,164,50,0,0,0,0,0,0,0,0,0,0,400
2652,383.5,0,359,-359,1,500,1,717,50,0,0,0,0,0,0,0,0,0,0,500
2654,34.9175,0,31,-31,1,100,1,62,7.835,0,0,0,0,0,0,0,0,0,0,100
2656,296.6325,0,274,-274,1,300,1,547,46.265,0,0,0,0,0,0,0,0,0,0,300
2658,426.5,0,402,-402,1,400,1,803,50,0,0,0,0,0,0,0,0,0,0,400
2660,23.22,0,22,-22,1,100,1,44,2.44,0,0,0,0,0,0,0,0,0,0,100
2661,93.1325,0,70,-70,1,300,1,140,46.265,0,0,0,0,0,0,0,0,0,0,300
2662,106,0,87.77,-87.77,1,500,1,162,50,0,0,0,0,0,0,0,0,0,0,500
2663,23.1375,82.5,188,-23,1,100,1,46,0.275,0,0,0,0,0,0,0,0,0,0,100
2665,26,0,276.48,-276.48,1,100,1,52,0,0,0,0,0,0,0,0,0,0,0,266
2665,0,0,33.33,-33.33,1,100,0,34,79.2,0,0,0,0,0,0,0,0,0,0,94.202
2669,14.505,85,184,-14,1,100,1,28,1.01,0,0,0,0,0,0,0,0,0,0,100
2671,12.5425,84,181,-13,1,100,1,25,0.085,0,0,0,0,0,0,0,0,0,0,100
2672,79.6675,0,63,-63,1,300,1,126,33.335,0,0,0,0,0,0,0,0,0,0,300
2674,46.1625,66,177,-45,1,100,1,90,2.325,0,0,0,0,0,0,0,0,0,0,100
2676,263.5,0,239,-239,1,600,1,477,50,0,0,0,0,0,0,0,0,0,0,600
2677,33.5675,74,179,-31,1,100,1,62,5.135,0,0,0,0,0,0,0,0,0,0,100
2678,43.6675,0,43,-43,1,100,1,86,1.335,0,0,0,0,0,0,0,0,0,0,100
2680,207.5,0,208,-208,1,100,1,415,0,0,0,0,0,0,0,0,0,0,0,284
2681,20.57,85,190,-20,1,100,1,40,1.14,0,0,0,0,0,0,0,0,0,0,100
2682,110.5,0,86,-86,1,400,1,171,50,0,0,0,0,0,0,0,0,0,0,400
2684,41.1675,0,35,-35,1,100,1,69,13.335,0,0,0,0,0,0,0,0,0,0,100
2685,11.6925,86.5,185,-12,1,100,1,23,0.385,0,0,0,0,0,0,0,0,0,0,100
2690,36,0,193.24,-193.24,1,100,1,72,0,0,0,0,0,0,0,0,0,0,0,293
2693,178.0825,0,160,-160,1,300,1,319,37.165,0,0,0,0,0,0,0,0,0,0,300
2695,67,59,180,-62,1,100,1,124,10,0,0,0,0,0,0,0,0,0,0,100
2698,64.5,0,55,-55,1,200,1,109,20,0,0,0,0,0,0,0,0,0,0,200
2699,13.1525,88.5,190,-13,1,100,1,26,0.305,0,0,0,0,0,0,0,0,0,0,100
2702,24.5,0,110.4,-110.4,1,100,1,49,0,0,0,0,0,0,0,0,0,0,0,281
2704,28.01,83.5,195,-28,1,100,1,56,0.02,0,0,0,0,0,0,0,0,0,0,100
2706,18.53,89,197,-19,1,100,1,37,0.06,0,0,0,0,0,0,0,0,0,0,100
2707,23.14,85,193,-23,1,100,1,45,1.28,0,0,0,0,0,0,0,0,0,0,100
2708,76.6675,0,60,-60,1,300,1,120,33.335,0,0,0,0,0,0,0,0,0,0,300
2709,29.0125,75,179,-29,1,100,1,58,0.025,0,0,0,0,0,0,0,0,0,0,100
2711,138,0,113,-113,1,500,1,226,50,0,0,0,0,0,0,0,0,0,0,500
2712,117,0,210.97,-210.97,1,100,1,234,0,0,0,0,0,0,0,0,0,0,0,184.4
2713,17.8675,88.5,194,-17,1,100,1,34,1.735,0,0,0,0,0,0,0,0,0,0,100
2715,45.5,74,189,-41,1,100,1,81,10,0,0,0,0,0,0,0,0,0,0,100
2716,22.6675,0,21,-21,1,100,1,42,3.335,0,0,0,0,0,0,0,0,0,0,100
2717,263.7225,0,500,-500,1,100,1,405,122.445,0,0,0,0,0,0,0,0,0,0,505.373
2719,18.5775,85,189,-19,1,100,1,37,0.155,0,0,0,0,0,0,0,0,0,0,100
2721,56.6675,0,50,-50,1,100,1,100,13.335,0,0,0,0,0,0,0,0,0,0,100
2724,10.155,83.5,177,-10,1,100,1,20,0.31,0,0,0,0,0,0,0,0,0,0,100
2725,359.5,0,572.4,-572.4,1,100,1,719,0,0,0,0,0,0,0,0,0,0,0,275
2726,219.3125,0,500,-500,1,100,1,355,83.625,0,0,0,0,0,0,0,0,0,0,247.58
2727,36.6275,71,175,-33,1,100,1,66,7.255,0,0,0,0,0,0,0,0,0,0,100
2728,142.0825,0,124,-124,1,300,1,247,37.165,0,0,0,0,0,0,0,0,0,0,300
2731,23.0125,80,183,-23,1,100,1,46,0.025,0,0,0,0,0,0,0,0,0,0,100
2732,85.1675,0,74,-74,1,200,1,147,23.335,0,0,0,0,0,0,0,0,0,0,200
2733,181.5825,0,163,-163,1,300,1,326,37.165,0,0,0,0,0,0,0,0,0,0,300
2734,84.5,14.97,149.7,-119.76,1,100,1,169,0,0,0,0,0,0,0,0,0,0,0,264
2736,78.9,63.5,198,-71,1,200,1,141,16.8,0,0,0,0,0,0,0,0,0,0,200
2737,37.66,76.5,191,-38,1,100,1,75,0.32,0,0,0,0,0,0,0,0,0,0,100
2738,-115.065,0,37.74,-37.74,1,230.13,1,0,-230.13,0,0,0,0,0,0,0,0,0,0,100
2740,18.005,85.5,189,-18,1,100,1,35,1.01,0,0,0,0,0,0,0,0,0,0,100
2743,174,0,149,-149,1,400,1,298,50,0,0,0,0,0,0,0,0,0,0,400
2745,34.5225,80.5,195,-34,1,100,1,68,1.045,0,0,0,0,0,0,0,0,0,0,100
2746,108.5,0,93.87,-93.87,1,600,1,167,50,0,0,0,0,0,0,0,0,0,0,600
2747,0,0,33.33,-33.33,1,100,0,38,137.54,0,0,0,0,0,0,0,0,0,0,152.539
2748,93.5,0,69,-69,1,400,1,137,50,0,0,0,0,0,0,0,0,0,0,400
2749,197,0,172,-172,1,500,1,344,50,0,0,0,0,0,0,0,0,0,0,500
2751,232.5,0,233,-233,1,100,1,465,0,0,0,0,0,0,0,0,0,0,0,282
2753,209.1675,0,193,-193,1,300,1,385,33.335,0,0,0,0,0,0,0,0,0,0,300
2755,7.72,0,12.61,-12.61,1,100,1,13,2.44,0,0,0,0,0,0,0,0,0,0,100
2757,14.6375,90,195,-15,1,100,1,29,0.275,0,0,0,0,0,0,0,0,0,0,100
2758,24.6275,76.5,178,-25,1,100,1,49,0.255,0,0,0,0,0,0,0,0,0,0,100
2759,140.6675,0,124,-124,1,300,1,248,33.335,0,0,0,0,0,0,0,0,0,0,300
2760,109.1675,0,98,-98,1,200,1,195,23.335,0,0,0,0,0,0,0,0,0,0,200
2763,42.6675,0,38,-38,1,100,1,75,10.335,0,0,0,0,0,0,0,0,0,0,100
2764,108.5,0,366,-366,1,100,1,217,0,0,0,0,0,0,0,0,0,0,0,295
2764,0,0,114,-114,1,100,0,228,503.22,0,0,0,0,0,0,0,0,0,0,518.217
2765,218.5,0,194,-194,1,400,1,387,50,0,0,0,0,0,0,0,0,0,0,400
2767,109,0,84,-84,1,400,1,168,50,0,0,0,0,0,0,0,0,0,0,400
2769,61.1675,0,45,-45,1,300,1,89,33.335,0,0,0,0,0,0,0,0,0,0,300
2770,28.1575,84.5,195,-26,1,100,1,52,4.315,0,0,0,0,0,0,0,0,0,0,100
2771,40.9175,0,37,-37,1,100,1,74,7.835,0,0,0,0,0,0,0,0,0,0,100
2772,140,0,115,-115,1,400,1,230,50,0,0,0,0,0,0,0,0,0,0,400
2773,15.3675,85,185,-15,1,100,1,29,1.735,0,0,0,0,0,0,0,0,0,0,100
2774,92.5,0,68,-68,1,400,1,135,50,0,0,0,0,0,0,0,0,0,0,400
2777,28.535,83,195,-29,1,100,1,57,0.07,0,0,0,0,0,0,0,0,0,0,100
2780,83.8425,0,500,-500,1,100,1,158,9.685,0,0,0,0,0,0,0,0,0,0,38.249
2781,0,0,76,-76,1,120,0,151,35,0,0,0,0,0,0,0,0,0,0,120
2781,86.585,0,500,-500,1,100,1,160,13.17,0,0,0,0,0,0,0,0,0,0,46.613
2783,59.25,-59,57,-175,1,78,1,113,5.5,0,0,0,0,0,0,0,0,0,0,78
2803,93.75,-47,89,-183,1,83.96,1,177,10.5,0,0,0,0,0,0,0,0,0,0,86.25
2806,46.3775,0,500,-500,1,100,1,87,5.755,0,0,0,0,0,0,0,0,0,0,44.053
2827,182.0075,0,143,-143,1,258.66,1,285,79.015,0,0,0,0,0,0,0,0,0,0,445.003
2842,62.25,32.5,114,-49,1,161,1,97,27.5,0,0,0,0,0,0,0,0,0,0,161
